-- MySQL dump 10.13  Distrib 8.0.32, for Linux (aarch64)
--
-- Host: localhost    Database: tenfe
-- ------------------------------------------------------
-- Server version	8.0.32

/*!40101 SET @OLD_CHARACTER_SET_CLIENT=@@CHARACTER_SET_CLIENT */;
/*!40101 SET @OLD_CHARACTER_SET_RESULTS=@@CHARACTER_SET_RESULTS */;
/*!40101 SET @OLD_COLLATION_CONNECTION=@@COLLATION_CONNECTION */;
/*!50503 SET NAMES utf8mb4 */;
/*!40103 SET @OLD_TIME_ZONE=@@TIME_ZONE */;
/*!40103 SET TIME_ZONE='+00:00' */;
/*!40014 SET @OLD_UNIQUE_CHECKS=@@UNIQUE_CHECKS, UNIQUE_CHECKS=0 */;
/*!40014 SET @OLD_FOREIGN_KEY_CHECKS=@@FOREIGN_KEY_CHECKS, FOREIGN_KEY_CHECKS=0 */;
/*!40101 SET @OLD_SQL_MODE=@@SQL_MODE, SQL_MODE='NO_AUTO_VALUE_ON_ZERO' */;
/*!40111 SET @OLD_SQL_NOTES=@@SQL_NOTES, SQL_NOTES=0 */;

--
-- Table structure for table `routes`
--

CREATE DATABASE IF NOT EXISTS tenfe;
USE tenfe;

DROP TABLE IF EXISTS `routes`;
/*!40101 SET @saved_cs_client     = @@character_set_client */;
/*!50503 SET character_set_client = utf8mb4 */;
CREATE TABLE `routes` (
  `id` int NOT NULL AUTO_INCREMENT,
  `name` varchar(3) NOT NULL,
  `colour` varchar(20) NOT NULL,
  PRIMARY KEY (`id`),
  KEY `name` (`name`)
) ENGINE=InnoDB AUTO_INCREMENT=4 DEFAULT CHARSET=utf8mb4;
/*!40101 SET character_set_client = @saved_cs_client */;

--
-- Dumping data for table `routes`
--

LOCK TABLES `routes` WRITE;
/*!40000 ALTER TABLE `routes` DISABLE KEYS */;
INSERT INTO `routes` VALUES (1,'R1','bg-cyan-600'),(2,'R3','bg-red-600'),(3,'R4','bg-orange-600');
/*!40000 ALTER TABLE `routes` ENABLE KEYS */;
UNLOCK TABLES;

--
-- Table structure for table `schedules`
--

DROP TABLE IF EXISTS `schedules`;
/*!40101 SET @saved_cs_client     = @@character_set_client */;
/*!50503 SET character_set_client = utf8mb4 */;
CREATE TABLE `schedules` (
  `route_id` varchar(3) NOT NULL,
  `station_id` int NOT NULL,
  `time` varchar(5) NOT NULL,
  `train_num` int NOT NULL,
  `stop_number` smallint NOT NULL,
  KEY `route_id` (`route_id`),
  KEY `station_id` (`station_id`),
  CONSTRAINT `schedules_ibfk_1` FOREIGN KEY (`route_id`) REFERENCES `routes` (`name`),
  CONSTRAINT `schedules_ibfk_2` FOREIGN KEY (`station_id`) REFERENCES `stations` (`id`)
) ENGINE=InnoDB DEFAULT CHARSET=utf8mb4;
/*!40101 SET character_set_client = @saved_cs_client */;

--
-- Dumping data for table `schedules`
--

LOCK TABLES `schedules` WRITE;
/*!40000 ALTER TABLE `schedules` DISABLE KEYS */;
INSERT INTO `schedules` VALUES ('R1',1,'05:48',1,1),('R1',2,'05:55',1,2),('R1',3,'06:00',1,3),('R1',4,'06:03',1,4),('R1',5,'06:07',1,5),('R1',6,'06:16',1,6),('R1',7,'06:20',1,7),('R1',8,'06:22',1,8),('R1',9,'06:24',1,9),('R1',10,'06:27',1,10),('R1',11,'06:33',1,11),('R1',12,'06:36',1,12),('R1',13,'06:38',1,13),('R1',14,'06:43',1,14),('R1',15,'06:47',1,15),('R1',16,'06:50',1,16),('R1',17,'06:53',1,17),('R1',18,'06:57',1,18),('R1',19,'07:03',1,19),('R1',20,'07:08',1,20),('R1',21,'07:11',1,21),('R1',22,'07:14',1,22),('R1',23,'07:18',1,23),('R1',24,'07:23',1,24),('R1',25,'07:28',1,25),('R1',26,'07:37',1,26),('R1',1,'05:57',2,1),('R1',2,'06:04',2,2),('R1',3,'06:09',2,3),('R1',4,'06:12',2,4),('R1',5,'06:17',2,5),('R1',6,'06:26',2,6),('R1',7,'06:29',2,7),('R1',8,'06:32',2,8),('R1',9,'06:34',2,9),('R1',10,'06:37',2,10),('R1',11,'06:43',2,11),('R1',12,'06:46',2,12),('R1',13,'06:48',2,13),('R1',14,'06:53',2,14),('R1',15,'06:57',2,15),('R1',16,'07:00',2,16),('R1',17,'07:03',2,17),('R1',1,'06:09',3,1),('R1',2,'06:16',3,2),('R1',3,'06:21',3,3),('R1',4,'06:24',3,4),('R1',5,'06:29',3,5),('R1',6,'06:37',3,6),('R1',7,'06:40',3,7),('R1',8,'06:43',3,8),('R1',9,'06:45',3,9),('R1',10,'06:48',3,10),('R1',11,'06:54',3,11),('R1',12,'06:57',3,12),('R1',13,'06:59',3,13),('R1',14,'07:04',3,14),('R1',15,'07:08',3,15),('R1',16,'07:11',3,16),('R1',17,'07:14',3,17),('R1',1,'06:18',4,1),('R1',2,'06:25',4,2),('R1',3,'06:30',4,3),('R1',4,'06:33',4,4),('R1',5,'06:37',4,5),('R1',6,'06:46',4,6),('R1',7,'06:50',4,7),('R1',8,'06:52',4,8),('R1',9,'06:54',4,9),('R1',10,'06:57',4,10),('R1',11,'07:03',4,11),('R1',12,'07:06',4,12),('R1',13,'07:08',4,13),('R1',14,'07:13',4,14),('R1',15,'07:17',4,15),('R1',16,'07:20',4,16),('R1',17,'07:23',4,17),('R1',18,'07:27',4,18),('R1',19,'07:33',4,19),('R1',20,'07:38',4,20),('R1',21,'07:41',4,21),('R1',22,'07:44',4,22),('R1',23,'07:48',4,23),('R1',24,'07:53',4,24),('R1',25,'07:58',4,25),('R1',26,'08:08',4,26),('R1',1,'06:27',5,1),('R1',2,'06:34',5,2),('R1',3,'06:39',5,3),('R1',4,'06:42',5,4),('R1',5,'06:47',5,5),('R1',6,'06:56',5,6),('R1',7,'06:59',5,7),('R1',8,'07:02',5,8),('R1',9,'07:04',5,9),('R1',10,'07:07',5,10),('R1',11,'07:13',5,11),('R1',12,'07:16',5,12),('R1',13,'07:18',5,13),('R1',14,'07:23',5,14),('R1',15,'07:27',5,15),('R1',16,'07:30',5,16),('R1',17,'07:33',5,17),('R1',1,'06:39',6,1),('R1',2,'06:46',6,2),('R1',3,'06:51',6,3),('R1',4,'06:54',6,4),('R1',5,'06:59',6,5),('R1',6,'07:07',6,6),('R1',7,'07:10',6,7),('R1',8,'07:13',6,8),('R1',9,'07:15',6,9),('R1',10,'07:18',6,10),('R1',11,'07:24',6,11),('R1',12,'07:27',6,12),('R1',13,'07:29',6,13),('R1',14,'07:33',6,14),('R1',15,'07:37',6,15),('R1',16,'07:40',6,16),('R1',17,'07:43',6,17),('R1',18,'07:47',6,18),('R1',19,'07:52',6,19),('R1',20,'07:56',6,20),('R1',1,'06:48',7,1),('R1',2,'06:55',7,2),('R1',3,'07:00',7,3),('R1',4,'07:03',7,4),('R1',5,'07:07',7,5),('R1',6,'07:16',7,6),('R1',7,'07:20',7,7),('R1',8,'07:22',7,8),('R1',9,'07:24',7,9),('R1',10,'07:27',7,10),('R1',11,'07:33',7,11),('R1',12,'07:36',7,12),('R1',13,'07:38',7,13),('R1',14,'07:43',7,14),('R1',15,'07:47',7,15),('R1',16,'07:50',7,16),('R1',17,'07:53',7,17),('R1',18,'07:57',7,18),('R1',19,'08:03',7,19),('R1',20,'08:08',7,20),('R1',21,'08:11',7,21),('R1',22,'08:14',7,22),('R1',23,'08:18',7,23),('R1',24,'08:23',7,24),('R1',25,'08:28',7,25),('R1',26,'08:37',7,26),('R1',1,'06:57',8,1),('R1',2,'07:04',8,2),('R1',3,'07:09',8,3),('R1',4,'07:12',8,4),('R1',5,'07:17',8,5),('R1',6,'07:26',8,6),('R1',7,'07:29',8,7),('R1',8,'07:32',8,8),('R1',9,'07:34',8,9),('R1',10,'07:37',8,10),('R1',11,'07:43',8,11),('R1',12,'07:46',8,12),('R1',13,'07:48',8,13),('R1',14,'07:53',8,14),('R1',15,'07:57',8,15),('R1',16,'08:00',8,16),('R1',17,'08:03',8,17),('R1',1,'07:09',9,1),('R1',2,'07:16',9,2),('R1',3,'07:21',9,3),('R1',4,'07:24',9,4),('R1',5,'07:29',9,5),('R1',6,'07:37',9,6),('R1',7,'07:40',9,7),('R1',8,'07:43',9,8),('R1',9,'07:45',9,9),('R1',10,'07:48',9,10),('R1',11,'07:54',9,11),('R1',12,'07:57',9,12),('R1',13,'07:59',9,13),('R1',14,'08:03',9,14),('R1',15,'08:07',9,15),('R1',16,'08:10',9,16),('R1',17,'08:13',9,17),('R1',18,'08:17',9,18),('R1',19,'08:22',9,19),('R1',20,'08:26',9,20),('R1',1,'07:18',10,1),('R1',2,'07:25',10,2),('R1',3,'07:30',10,3),('R1',4,'07:33',10,4),('R1',5,'07:37',10,5),('R1',6,'07:46',10,6),('R1',7,'07:50',10,7),('R1',8,'07:52',10,8),('R1',9,'07:54',10,9),('R1',10,'07:57',10,10),('R1',11,'08:03',10,11),('R1',12,'08:06',10,12),('R1',13,'08:08',10,13),('R1',14,'08:13',10,14),('R1',15,'08:17',10,15),('R1',16,'08:20',10,16),('R1',17,'08:23',10,17),('R1',18,'08:27',10,18),('R1',19,'08:33',10,19),('R1',20,'08:38',10,20),('R1',21,'08:41',10,21),('R1',22,'08:44',10,22),('R1',23,'08:48',10,23),('R1',24,'08:53',10,24),('R1',25,'08:58',10,25),('R1',26,'09:07',10,26),('R1',1,'07:27',11,1),('R1',2,'07:34',11,2),('R1',3,'07:39',11,3),('R1',4,'07:42',11,4),('R1',5,'07:47',11,5),('R1',6,'07:56',11,6),('R1',7,'07:59',11,7),('R1',8,'08:02',11,8),('R1',9,'08:04',11,9),('R1',10,'08:07',11,10),('R1',11,'08:13',11,11),('R1',12,'08:16',11,12),('R1',13,'08:18',11,13),('R1',14,'08:23',11,14),('R1',15,'08:27',11,15),('R1',16,'08:30',11,16),('R1',17,'08:33',11,17),('R1',1,'07:39',12,1),('R1',2,'07:46',12,2),('R1',3,'07:51',12,3),('R1',4,'07:53',12,4),('R1',5,'07:59',12,5),('R1',6,'08:06',12,6),('R1',7,'08:10',12,7),('R1',8,'08:12',12,8),('R1',9,'08:14',12,9),('R1',10,'08:18',12,10),('R1',11,'08:24',12,11),('R1',12,'08:26',12,12),('R1',13,'08:28',12,13),('R1',14,'08:33',12,14),('R1',15,'08:36',12,15),('R1',16,'08:39',12,16),('R1',17,'08:42',12,17),('R1',18,'08:47',12,18),('R1',19,'08:51',12,19),('R1',20,'08:56',12,20),('R1',1,'07:48',13,1),('R1',2,'07:55',13,2),('R1',3,'08:00',13,3),('R1',4,'08:03',13,4),('R1',5,'08:07',13,5),('R1',6,'08:16',13,6),('R1',7,'08:20',13,7),('R1',8,'08:22',13,8),('R1',9,'08:24',13,9),('R1',10,'08:27',13,10),('R1',11,'08:33',13,11),('R1',12,'08:36',13,12),('R1',13,'08:38',13,13),('R1',14,'08:43',13,14),('R1',15,'08:47',13,15),('R1',16,'08:50',13,16),('R1',17,'08:53',13,17),('R1',18,'08:57',13,18),('R1',19,'09:03',13,19),('R1',20,'09:08',13,20),('R1',21,'09:11',13,21),('R1',22,'09:14',13,22),('R1',23,'09:18',13,23),('R1',24,'09:23',13,24),('R1',25,'09:28',13,25),('R1',26,'09:38',13,26),('R1',1,'07:57',14,1),('R1',2,'08:04',14,2),('R1',3,'08:09',14,3),('R1',4,'08:12',14,4),('R1',5,'08:17',14,5),('R1',6,'08:26',14,6),('R1',7,'08:29',14,7),('R1',8,'08:32',14,8),('R1',9,'08:34',14,9),('R1',10,'08:37',14,10),('R1',11,'08:43',14,11),('R1',12,'08:46',14,12),('R1',13,'08:48',14,13),('R1',14,'08:53',14,14),('R1',15,'08:57',14,15),('R1',16,'09:00',14,16),('R1',17,'09:03',14,17),('R1',1,'08:09',15,1),('R1',2,'08:16',15,2),('R1',3,'08:21',15,3),('R1',4,'08:23',15,4),('R1',5,'08:29',15,5),('R1',6,'08:36',15,6),('R1',7,'08:40',15,7),('R1',8,'08:42',15,8),('R1',9,'08:44',15,9),('R1',10,'08:48',15,10),('R1',11,'08:54',15,11),('R1',12,'08:56',15,12),('R1',13,'08:58',15,13),('R1',14,'09:03',15,14),('R1',15,'09:06',15,15),('R1',16,'09:09',15,16),('R1',17,'09:12',15,17),('R1',18,'09:17',15,18),('R1',19,'09:21',15,19),('R1',20,'09:26',15,20),('R1',1,'08:18',16,1),('R1',2,'08:25',16,2),('R1',3,'08:30',16,3),('R1',4,'08:33',16,4),('R1',5,'08:37',16,5),('R1',6,'08:46',16,6),('R1',7,'08:50',16,7),('R1',8,'08:52',16,8),('R1',9,'08:54',16,9),('R1',10,'08:57',16,10),('R1',11,'09:03',16,11),('R1',12,'09:06',16,12),('R1',13,'09:08',16,13),('R1',14,'09:13',16,14),('R1',15,'09:17',16,15),('R1',16,'09:20',16,16),('R1',17,'09:23',16,17),('R1',18,'09:27',16,18),('R1',19,'09:33',16,19),('R1',20,'09:38',16,20),('R1',21,'09:41',16,21),('R1',22,'09:44',16,22),('R1',23,'09:48',16,23),('R1',24,'09:53',16,24),('R1',25,'09:58',16,25),('R1',26,'10:07',16,26),('R1',1,'08:27',17,1),('R1',2,'08:34',17,2),('R1',3,'08:39',17,3),('R1',4,'08:42',17,4),('R1',5,'08:47',17,5),('R1',6,'08:56',17,6),('R1',7,'08:59',17,7),('R1',8,'09:02',17,8),('R1',9,'09:04',17,9),('R1',10,'09:07',17,10),('R1',11,'09:13',17,11),('R1',12,'09:16',17,12),('R1',13,'09:18',17,13),('R1',14,'09:23',17,14),('R1',15,'09:27',17,15),('R1',16,'09:30',17,16),('R1',17,'09:33',17,17),('R1',1,'08:39',18,1),('R1',2,'08:46',18,2),('R1',3,'08:51',18,3),('R1',4,'08:54',18,4),('R1',5,'08:59',18,5),('R1',6,'09:07',18,6),('R1',7,'09:10',18,7),('R1',8,'09:13',18,8),('R1',9,'09:15',18,9),('R1',10,'09:18',18,10),('R1',11,'09:24',18,11),('R1',12,'09:27',18,12),('R1',13,'09:29',18,13),('R1',14,'09:34',18,14),('R1',15,'09:38',18,15),('R1',16,'09:41',18,16),('R1',17,'09:44',18,17),('R1',1,'08:48',19,1),('R1',2,'08:55',19,2),('R1',3,'09:00',19,3),('R1',4,'09:03',19,4),('R1',5,'09:07',19,5),('R1',6,'09:16',19,6),('R1',7,'09:20',19,7),('R1',8,'09:22',19,8),('R1',9,'09:24',19,9),('R1',10,'09:27',19,10),('R1',11,'09:33',19,11),('R1',12,'09:36',19,12),('R1',13,'09:38',19,13),('R1',14,'09:43',19,14),('R1',15,'09:47',19,15),('R1',16,'09:50',19,16),('R1',17,'09:53',19,17),('R1',18,'09:57',19,18),('R1',19,'10:03',19,19),('R1',20,'10:08',19,20),('R1',21,'10:11',19,21),('R1',22,'10:14',19,22),('R1',23,'10:18',19,23),('R1',24,'10:23',19,24),('R1',25,'10:28',19,25),('R1',26,'10:37',19,26),('R1',1,'08:57',20,1),('R1',2,'09:04',20,2),('R1',3,'09:09',20,3),('R1',4,'09:12',20,4),('R1',5,'09:17',20,5),('R1',6,'09:27',20,6),('R1',7,'09:31',20,7),('R1',8,'09:33',20,8),('R1',9,'09:35',20,9),('R1',10,'09:38',20,10),('R1',11,'09:44',20,11),('R1',12,'09:47',20,12),('R1',13,'09:49',20,13),('R1',14,'09:54',20,14),('R1',1,'09:09',21,1),('R1',2,'09:16',21,2),('R1',3,'09:21',21,3),('R1',4,'09:24',21,4),('R1',5,'09:29',21,5),('R1',6,'09:37',21,6),('R1',7,'09:41',21,7),('R1',8,'09:43',21,8),('R1',9,'09:45',21,9),('R1',10,'09:48',21,10),('R1',11,'09:54',21,11),('R1',12,'09:57',21,12),('R1',13,'09:59',21,13),('R1',14,'10:04',21,14),('R1',1,'09:18',22,1),('R1',2,'09:25',22,2),('R1',3,'09:30',22,3),('R1',4,'09:33',22,4),('R1',5,'09:37',22,5),('R1',6,'09:46',22,6),('R1',7,'09:50',22,7),('R1',8,'09:52',22,8),('R1',9,'09:54',22,9),('R1',10,'09:57',22,10),('R1',11,'10:03',22,11),('R1',12,'10:06',22,12),('R1',13,'10:08',22,13),('R1',14,'10:13',22,14),('R1',15,'10:17',22,15),('R1',16,'10:20',22,16),('R1',17,'10:23',22,17),('R1',18,'10:27',22,18),('R1',19,'10:33',22,19),('R1',20,'10:38',22,20),('R1',21,'10:41',22,21),('R1',22,'10:44',22,22),('R1',23,'10:48',22,23),('R1',24,'10:52',22,24),('R1',1,'09:27',23,1),('R1',2,'09:34',23,2),('R1',3,'09:39',23,3),('R1',4,'09:42',23,4),('R1',5,'09:47',23,5),('R1',6,'09:57',23,6),('R1',7,'10:01',23,7),('R1',8,'10:03',23,8),('R1',9,'10:05',23,9),('R1',10,'10:08',23,10),('R1',11,'10:14',23,11),('R1',12,'10:17',23,12),('R1',13,'10:19',23,13),('R1',14,'10:24',23,14),('R1',1,'09:39',24,1),('R1',2,'09:46',24,2),('R1',3,'09:51',24,3),('R1',4,'09:54',24,4),('R1',5,'09:59',24,5),('R1',6,'10:07',24,6),('R1',7,'10:11',24,7),('R1',8,'10:13',24,8),('R1',9,'10:15',24,9),('R1',10,'10:18',24,10),('R1',11,'10:24',24,11),('R1',12,'10:27',24,12),('R1',13,'10:29',24,13),('R1',14,'10:34',24,14),('R1',1,'09:48',25,1),('R1',2,'09:55',25,2),('R1',3,'10:00',25,3),('R1',4,'10:03',25,4),('R1',5,'10:07',25,5),('R1',6,'10:16',25,6),('R1',7,'10:20',25,7),('R1',8,'10:22',25,8),('R1',9,'10:24',25,9),('R1',10,'10:27',25,10),('R1',11,'10:33',25,11),('R1',12,'10:36',25,12),('R1',13,'10:38',25,13),('R1',14,'10:43',25,14),('R1',15,'10:47',25,15),('R1',16,'10:50',25,16),('R1',17,'10:53',25,17),('R1',18,'10:57',25,18),('R1',19,'11:03',25,19),('R1',20,'11:08',25,20),('R1',21,'11:11',25,21),('R1',22,'11:14',25,22),('R1',23,'11:18',25,23),('R1',24,'11:23',25,24),('R1',25,'11:28',25,25),('R1',26,'11:38',25,26),('R1',1,'09:57',26,1),('R1',2,'10:04',26,2),('R1',3,'10:09',26,3),('R1',4,'10:12',26,4),('R1',5,'10:17',26,5),('R1',6,'10:27',26,6),('R1',7,'10:31',26,7),('R1',8,'10:33',26,8),('R1',9,'10:35',26,9),('R1',10,'10:38',26,10),('R1',11,'10:44',26,11),('R1',12,'10:47',26,12),('R1',13,'10:49',26,13),('R1',14,'10:54',26,14),('R1',1,'10:09',27,1),('R1',2,'10:16',27,2),('R1',3,'10:21',27,3),('R1',4,'10:24',27,4),('R1',5,'10:29',27,5),('R1',6,'10:37',27,6),('R1',7,'10:41',27,7),('R1',8,'10:43',27,8),('R1',9,'10:45',27,9),('R1',10,'10:48',27,10),('R1',11,'10:54',27,11),('R1',12,'10:57',27,12),('R1',13,'10:59',27,13),('R1',14,'11:04',27,14),('R1',1,'10:18',28,1),('R1',2,'10:25',28,2),('R1',3,'10:30',28,3),('R1',4,'10:33',28,4),('R1',5,'10:37',28,5),('R1',6,'10:46',28,6),('R1',7,'10:50',28,7),('R1',8,'10:52',28,8),('R1',9,'10:54',28,9),('R1',10,'10:57',28,10),('R1',11,'11:03',28,11),('R1',12,'11:06',28,12),('R1',13,'11:08',28,13),('R1',14,'11:13',28,14),('R1',15,'11:17',28,15),('R1',16,'11:20',28,16),('R1',17,'11:23',28,17),('R1',18,'11:27',28,18),('R1',19,'11:33',28,19),('R1',20,'11:38',28,20),('R1',21,'11:41',28,21),('R1',22,'11:44',28,22),('R1',23,'11:48',28,23),('R1',24,'11:52',28,24),('R1',1,'10:33',29,1),('R1',2,'10:40',29,2),('R1',3,'10:45',29,3),('R1',4,'10:48',29,4),('R1',5,'10:53',29,5),('R1',6,'11:02',29,6),('R1',7,'11:06',29,7),('R1',8,'11:08',29,8),('R1',9,'11:10',29,9),('R1',10,'11:13',29,10),('R1',11,'11:19',29,11),('R1',12,'11:22',29,12),('R1',13,'11:24',29,13),('R1',14,'11:29',29,14),('R1',1,'10:48',30,1),('R1',2,'10:55',30,2),('R1',3,'11:00',30,3),('R1',4,'11:03',30,4),('R1',5,'11:07',30,5),('R1',6,'11:16',30,6),('R1',7,'11:20',30,7),('R1',8,'11:22',30,8),('R1',9,'11:24',30,9),('R1',10,'11:27',30,10),('R1',11,'11:33',30,11),('R1',12,'11:36',30,12),('R1',13,'11:38',30,13),('R1',14,'11:43',30,14),('R1',15,'11:47',30,15),('R1',16,'11:50',30,16),('R1',17,'11:53',30,17),('R1',18,'11:57',30,18),('R1',19,'12:03',30,19),('R1',20,'12:08',30,20),('R1',21,'12:11',30,21),('R1',22,'12:14',30,22),('R1',23,'12:18',30,23),('R1',24,'12:23',30,24),('R1',25,'12:28',30,25),('R1',26,'12:37',30,26),('R1',1,'11:03',31,1),('R1',2,'11:10',31,2),('R1',3,'11:15',31,3),('R1',4,'11:17',31,4),('R1',5,'11:22',31,5),('R1',6,'11:30',31,6),('R1',7,'11:35',31,7),('R1',8,'11:36',31,8),('R1',9,'11:38',31,9),('R1',10,'11:42',31,10),('R1',11,'11:48',31,11),('R1',12,'11:50',31,12),('R1',13,'11:52',31,13),('R1',14,'11:59',31,14),('R1',1,'11:18',32,1),('R1',2,'11:25',32,2),('R1',3,'11:30',32,3),('R1',4,'11:33',32,4),('R1',5,'11:37',32,5),('R1',6,'11:46',32,6),('R1',7,'11:50',32,7),('R1',8,'11:52',32,8),('R1',9,'11:54',32,9),('R1',10,'11:57',32,10),('R1',11,'12:03',32,11),('R1',12,'12:06',32,12),('R1',13,'12:08',32,13),('R1',14,'12:13',32,14),('R1',15,'12:17',32,15),('R1',16,'12:20',32,16),('R1',17,'12:23',32,17),('R1',18,'12:27',32,18),('R1',19,'12:33',32,19),('R1',20,'12:38',32,20),('R1',21,'12:41',32,21),('R1',22,'12:44',32,22),('R1',23,'12:48',32,23),('R1',24,'12:52',32,24),('R1',1,'11:33',33,1),('R1',2,'11:40',33,2),('R1',3,'11:45',33,3),('R1',4,'11:48',33,4),('R1',5,'11:53',33,5),('R1',6,'12:02',33,6),('R1',7,'12:06',33,7),('R1',8,'12:08',33,8),('R1',9,'12:10',33,9),('R1',10,'12:13',33,10),('R1',11,'12:19',33,11),('R1',12,'12:22',33,12),('R1',13,'12:24',33,13),('R1',14,'12:29',33,14),('R1',1,'11:48',34,1),('R1',2,'11:55',34,2),('R1',3,'12:00',34,3),('R1',4,'12:03',34,4),('R1',5,'12:07',34,5),('R1',6,'12:16',34,6),('R1',7,'12:20',34,7),('R1',8,'12:22',34,8),('R1',9,'12:24',34,9),('R1',10,'12:27',34,10),('R1',11,'12:33',34,11),('R1',12,'12:36',34,12),('R1',13,'12:38',34,13),('R1',14,'12:43',34,14),('R1',15,'12:47',34,15),('R1',16,'12:50',34,16),('R1',17,'12:53',34,17),('R1',18,'12:57',34,18),('R1',19,'13:03',34,19),('R1',20,'13:08',34,20),('R1',21,'13:11',34,21),('R1',22,'13:14',34,22),('R1',23,'13:18',34,23),('R1',24,'13:23',34,24),('R1',25,'13:28',34,25),('R1',26,'13:38',34,26),('R1',1,'12:03',35,1),('R1',2,'12:10',35,2),('R1',3,'12:15',35,3),('R1',4,'12:17',35,4),('R1',5,'12:22',35,5),('R1',6,'12:30',35,6),('R1',7,'12:35',35,7),('R1',8,'12:36',35,8),('R1',9,'12:38',35,9),('R1',10,'12:42',35,10),('R1',11,'12:48',35,11),('R1',12,'12:50',35,12),('R1',13,'12:52',35,13),('R1',14,'12:59',35,14),('R1',1,'12:18',36,1),('R1',2,'12:25',36,2),('R1',3,'12:30',36,3),('R1',4,'12:33',36,4),('R1',5,'12:37',36,5),('R1',6,'12:46',36,6),('R1',7,'12:50',36,7),('R1',8,'12:52',36,8),('R1',9,'12:54',36,9),('R1',10,'12:57',36,10),('R1',11,'13:03',36,11),('R1',12,'13:06',36,12),('R1',13,'13:08',36,13),('R1',14,'13:13',36,14),('R1',15,'13:17',36,15),('R1',16,'13:20',36,16),('R1',17,'13:23',36,17),('R1',18,'13:27',36,18),('R1',19,'13:33',36,19),('R1',20,'13:38',36,20),('R1',21,'13:41',36,21),('R1',22,'13:44',36,22),('R1',23,'13:48',36,23),('R1',24,'13:52',36,24),('R1',1,'12:33',37,1),('R1',2,'12:40',37,2),('R1',3,'12:45',37,3),('R1',4,'12:48',37,4),('R1',5,'12:53',37,5),('R1',6,'13:02',37,6),('R1',7,'13:06',37,7),('R1',8,'13:08',37,8),('R1',9,'13:10',37,9),('R1',10,'13:13',37,10),('R1',11,'13:19',37,11),('R1',12,'13:22',37,12),('R1',13,'13:24',37,13),('R1',14,'13:29',37,14),('R1',1,'12:48',38,1),('R1',2,'12:55',38,2),('R1',3,'13:00',38,3),('R1',4,'13:03',38,4),('R1',5,'13:07',38,5),('R1',6,'13:16',38,6),('R1',7,'13:20',38,7),('R1',8,'13:22',38,8),('R1',9,'13:24',38,9),('R1',10,'13:27',38,10),('R1',11,'13:33',38,11),('R1',12,'13:36',38,12),('R1',13,'13:38',38,13),('R1',14,'13:43',38,14),('R1',15,'13:47',38,15),('R1',16,'13:50',38,16),('R1',17,'13:53',38,17),('R1',18,'13:57',38,18),('R1',19,'14:03',38,19),('R1',20,'14:08',38,20),('R1',21,'14:11',38,21),('R1',22,'14:14',38,22),('R1',23,'14:18',38,23),('R1',24,'14:23',38,24),('R1',25,'14:28',38,25),('R1',26,'14:37',38,26),('R1',1,'13:03',39,1),('R1',2,'13:10',39,2),('R1',3,'13:15',39,3),('R1',4,'13:17',39,4),('R1',5,'13:22',39,5),('R1',6,'13:30',39,6),('R1',7,'13:35',39,7),('R1',8,'13:36',39,8),('R1',9,'13:38',39,9),('R1',10,'13:42',39,10),('R1',11,'13:48',39,11),('R1',12,'13:50',39,12),('R1',13,'13:52',39,13),('R1',14,'13:59',39,14),('R1',1,'13:18',40,1),('R1',2,'13:25',40,2),('R1',3,'13:30',40,3),('R1',4,'13:33',40,4),('R1',5,'13:37',40,5),('R1',6,'13:46',40,6),('R1',7,'13:50',40,7),('R1',8,'13:52',40,8),('R1',9,'13:54',40,9),('R1',10,'13:57',40,10),('R1',11,'14:03',40,11),('R1',12,'14:06',40,12),('R1',13,'14:08',40,13),('R1',14,'14:13',40,14),('R1',15,'14:17',40,15),('R1',16,'14:20',40,16),('R1',17,'14:23',40,17),('R1',18,'14:27',40,18),('R1',19,'14:33',40,19),('R1',20,'14:38',40,20),('R1',21,'14:41',40,21),('R1',22,'14:44',40,22),('R1',23,'14:48',40,23),('R1',24,'14:52',40,24),('R1',1,'13:27',41,1),('R1',2,'13:34',41,2),('R1',3,'13:39',41,3),('R1',4,'13:42',41,4),('R1',5,'13:47',41,5),('R1',6,'13:57',41,6),('R1',7,'14:01',41,7),('R1',8,'14:03',41,8),('R1',9,'14:05',41,9),('R1',10,'14:08',41,10),('R1',11,'14:14',41,11),('R1',12,'14:17',41,12),('R1',13,'14:19',41,13),('R1',14,'14:24',41,14),('R1',1,'13:39',42,1),('R1',2,'13:46',42,2),('R1',3,'13:51',42,3),('R1',4,'13:54',42,4),('R1',5,'13:59',42,5),('R1',6,'14:07',42,6),('R1',7,'14:10',42,7),('R1',8,'14:13',42,8),('R1',9,'14:15',42,9),('R1',10,'14:18',42,10),('R1',11,'14:24',42,11),('R1',12,'14:27',42,12),('R1',13,'14:29',42,13),('R1',14,'14:33',42,14),('R1',15,'14:37',42,15),('R1',16,'14:40',42,16),('R1',17,'14:43',42,17),('R1',18,'14:47',42,18),('R1',19,'14:52',42,19),('R1',20,'14:56',42,20),('R1',1,'13:48',43,1),('R1',2,'13:55',43,2),('R1',3,'14:00',43,3),('R1',4,'14:03',43,4),('R1',5,'14:07',43,5),('R1',6,'14:16',43,6),('R1',7,'14:20',43,7),('R1',8,'14:22',43,8),('R1',9,'14:24',43,9),('R1',10,'14:27',43,10),('R1',11,'14:33',43,11),('R1',12,'14:36',43,12),('R1',13,'14:38',43,13),('R1',14,'14:43',43,14),('R1',15,'14:47',43,15),('R1',16,'14:50',43,16),('R1',17,'14:53',43,17),('R1',18,'14:57',43,18),('R1',19,'15:03',43,19),('R1',20,'15:08',43,20),('R1',21,'15:11',43,21),('R1',22,'15:14',43,22),('R1',23,'15:18',43,23),('R1',24,'15:23',43,24),('R1',25,'15:28',43,25),('R1',26,'15:38',43,26),('R1',1,'13:57',44,1),('R1',2,'14:04',44,2),('R1',3,'14:09',44,3),('R1',4,'14:12',44,4),('R1',5,'14:17',44,5),('R1',6,'14:27',44,6),('R1',7,'14:31',44,7),('R1',8,'14:33',44,8),('R1',9,'14:35',44,9),('R1',10,'14:38',44,10),('R1',11,'14:44',44,11),('R1',12,'14:47',44,12),('R1',13,'14:49',44,13),('R1',14,'14:54',44,14),('R1',1,'14:09',45,1),('R1',2,'14:16',45,2),('R1',3,'14:21',45,3),('R1',4,'14:24',45,4),('R1',5,'14:29',45,5),('R1',6,'14:37',45,6),('R1',7,'14:40',45,7),('R1',8,'14:43',45,8),('R1',9,'14:45',45,9),('R1',10,'14:48',45,10),('R1',11,'14:54',45,11),('R1',12,'14:57',45,12),('R1',13,'14:59',45,13),('R1',14,'15:03',45,14),('R1',15,'15:07',45,15),('R1',16,'15:10',45,16),('R1',17,'15:13',45,17),('R1',18,'15:17',45,18),('R1',19,'15:22',45,19),('R1',20,'15:26',45,20),('R1',1,'14:18',46,1),('R1',2,'14:25',46,2),('R1',3,'14:30',46,3),('R1',4,'14:33',46,4),('R1',5,'14:37',46,5),('R1',6,'14:46',46,6),('R1',7,'14:50',46,7),('R1',8,'14:52',46,8),('R1',9,'14:54',46,9),('R1',10,'14:57',46,10),('R1',11,'15:03',46,11),('R1',12,'15:06',46,12),('R1',13,'15:08',46,13),('R1',14,'15:13',46,14),('R1',15,'15:17',46,15),('R1',16,'15:20',46,16),('R1',17,'15:23',46,17),('R1',18,'15:27',46,18),('R1',19,'15:33',46,19),('R1',20,'15:38',46,20),('R1',21,'15:41',46,21),('R1',22,'15:44',46,22),('R1',23,'15:48',46,23),('R1',24,'15:52',46,24),('R1',1,'14:27',47,1),('R1',2,'14:34',47,2),('R1',3,'14:39',47,3),('R1',4,'14:42',47,4),('R1',5,'14:47',47,5),('R1',6,'14:57',47,6),('R1',7,'15:01',47,7),('R1',8,'15:03',47,8),('R1',9,'15:05',47,9),('R1',10,'15:08',47,10),('R1',11,'15:14',47,11),('R1',12,'15:17',47,12),('R1',13,'15:19',47,13),('R1',14,'15:24',47,14),('R1',1,'14:39',48,1),('R1',2,'14:46',48,2),('R1',3,'14:51',48,3),('R1',4,'14:54',48,4),('R1',5,'14:59',48,5),('R1',6,'15:07',48,6),('R1',7,'15:10',48,7),('R1',8,'15:13',48,8),('R1',9,'15:15',48,9),('R1',10,'15:18',48,10),('R1',11,'15:24',48,11),('R1',12,'15:27',48,12),('R1',13,'15:29',48,13),('R1',14,'15:33',48,14),('R1',15,'15:37',48,15),('R1',16,'15:40',48,16),('R1',17,'15:43',48,17),('R1',18,'15:47',48,18),('R1',19,'15:52',48,19),('R1',20,'15:56',48,20),('R1',1,'14:48',49,1),('R1',2,'14:55',49,2),('R1',3,'15:00',49,3),('R1',4,'15:03',49,4),('R1',5,'15:07',49,5),('R1',6,'15:16',49,6),('R1',7,'15:20',49,7),('R1',8,'15:22',49,8),('R1',9,'15:24',49,9),('R1',10,'15:27',49,10),('R1',11,'15:33',49,11),('R1',12,'15:36',49,12),('R1',13,'15:38',49,13),('R1',14,'15:43',49,14),('R1',15,'15:47',49,15),('R1',16,'15:50',49,16),('R1',17,'15:53',49,17),('R1',18,'15:57',49,18),('R1',19,'16:03',49,19),('R1',20,'16:08',49,20),('R1',21,'16:11',49,21),('R1',22,'16:14',49,22),('R1',23,'16:18',49,23),('R1',24,'16:23',49,24),('R1',25,'16:28',49,25),('R1',26,'16:37',49,26),('R1',1,'14:57',50,1),('R1',2,'15:04',50,2),('R1',3,'15:09',50,3),('R1',4,'15:12',50,4),('R1',5,'15:17',50,5),('R1',6,'15:27',50,6),('R1',7,'15:31',50,7),('R1',8,'15:33',50,8),('R1',9,'15:35',50,9),('R1',10,'15:38',50,10),('R1',11,'15:44',50,11),('R1',12,'15:47',50,12),('R1',13,'15:49',50,13),('R1',14,'15:54',50,14),('R1',1,'15:09',51,1),('R1',2,'15:16',51,2),('R1',3,'15:21',51,3),('R1',4,'15:24',51,4),('R1',5,'15:29',51,5),('R1',6,'15:37',51,6),('R1',7,'15:41',51,7),('R1',8,'15:43',51,8),('R1',9,'15:45',51,9),('R1',10,'15:48',51,10),('R1',11,'15:54',51,11),('R1',12,'15:57',51,12),('R1',13,'15:59',51,13),('R1',14,'16:04',51,14),('R1',1,'15:18',52,1),('R1',2,'15:25',52,2),('R1',3,'15:30',52,3),('R1',4,'15:33',52,4),('R1',5,'15:37',52,5),('R1',6,'15:46',52,6),('R1',7,'15:50',52,7),('R1',8,'15:52',52,8),('R1',9,'15:54',52,9),('R1',10,'15:57',52,10),('R1',11,'16:03',52,11),('R1',12,'16:06',52,12),('R1',13,'16:08',52,13),('R1',14,'16:13',52,14),('R1',15,'16:17',52,15),('R1',16,'16:20',52,16),('R1',17,'16:23',52,17),('R1',18,'16:27',52,18),('R1',19,'16:33',52,19),('R1',20,'16:38',52,20),('R1',21,'16:41',52,21),('R1',22,'16:44',52,22),('R1',23,'16:48',52,23),('R1',24,'16:52',52,24),('R1',1,'15:27',53,1),('R1',2,'15:34',53,2),('R1',3,'15:39',53,3),('R1',4,'15:42',53,4),('R1',5,'15:47',53,5),('R1',6,'15:57',53,6),('R1',7,'16:01',53,7),('R1',8,'16:03',53,8),('R1',9,'16:05',53,9),('R1',10,'16:08',53,10),('R1',11,'16:14',53,11),('R1',12,'16:17',53,12),('R1',13,'16:19',53,13),('R1',14,'16:24',53,14),('R1',1,'15:39',54,1),('R1',2,'15:46',54,2),('R1',3,'15:51',54,3),('R1',4,'15:54',54,4),('R1',5,'15:59',54,5),('R1',6,'16:07',54,6),('R1',7,'16:11',54,7),('R1',8,'16:13',54,8),('R1',9,'16:15',54,9),('R1',10,'16:18',54,10),('R1',11,'16:24',54,11),('R1',12,'16:27',54,12),('R1',13,'16:29',54,13),('R1',14,'16:34',54,14),('R1',1,'15:48',55,1),('R1',2,'15:55',55,2),('R1',3,'16:00',55,3),('R1',4,'16:03',55,4),('R1',5,'16:07',55,5),('R1',6,'16:16',55,6),('R1',7,'16:20',55,7),('R1',8,'16:22',55,8),('R1',9,'16:24',55,9),('R1',10,'16:27',55,10),('R1',11,'16:33',55,11),('R1',12,'16:36',55,12),('R1',13,'16:38',55,13),('R1',14,'16:43',55,14),('R1',15,'16:47',55,15),('R1',16,'16:50',55,16),('R1',17,'16:53',55,17),('R1',18,'16:57',55,18),('R1',19,'17:03',55,19),('R1',20,'17:08',55,20),('R1',21,'17:11',55,21),('R1',22,'17:14',55,22),('R1',23,'17:18',55,23),('R1',24,'17:23',55,24),('R1',25,'17:28',55,25),('R1',26,'17:38',55,26),('R1',1,'15:57',56,1),('R1',2,'16:04',56,2),('R1',3,'16:09',56,3),('R1',4,'16:12',56,4),('R1',5,'16:17',56,5),('R1',6,'16:27',56,6),('R1',7,'16:31',56,7),('R1',8,'16:33',56,8),('R1',9,'16:35',56,9),('R1',10,'16:38',56,10),('R1',11,'16:44',56,11),('R1',12,'16:47',56,12),('R1',13,'16:49',56,13),('R1',14,'16:54',56,14),('R1',1,'16:09',57,1),('R1',2,'16:16',57,2),('R1',3,'16:21',57,3),('R1',4,'16:24',57,4),('R1',5,'16:29',57,5),('R1',6,'16:37',57,6),('R1',7,'16:41',57,7),('R1',8,'16:43',57,8),('R1',9,'16:45',57,9),('R1',10,'16:48',57,10),('R1',11,'16:54',57,11),('R1',12,'16:57',57,12),('R1',13,'16:59',57,13),('R1',14,'17:04',57,14),('R1',1,'16:18',58,1),('R1',2,'16:25',58,2),('R1',3,'16:30',58,3),('R1',4,'16:33',58,4),('R1',5,'16:37',58,5),('R1',6,'16:46',58,6),('R1',7,'16:50',58,7),('R1',8,'16:52',58,8),('R1',9,'16:54',58,9),('R1',10,'16:57',58,10),('R1',11,'17:03',58,11),('R1',12,'17:06',58,12),('R1',13,'17:08',58,13),('R1',14,'17:13',58,14),('R1',15,'17:17',58,15),('R1',16,'17:20',58,16),('R1',17,'17:23',58,17),('R1',18,'17:27',58,18),('R1',19,'17:33',58,19),('R1',20,'17:38',58,20),('R1',21,'17:41',58,21),('R1',22,'17:44',58,22),('R1',23,'17:48',58,23),('R1',24,'17:52',58,24),('R1',1,'16:27',59,1),('R1',2,'16:34',59,2),('R1',3,'16:39',59,3),('R1',4,'16:42',59,4),('R1',5,'16:47',59,5),('R1',6,'16:57',59,6),('R1',7,'17:01',59,7),('R1',8,'17:03',59,8),('R1',9,'17:05',59,9),('R1',10,'17:08',59,10),('R1',11,'17:14',59,11),('R1',12,'17:17',59,12),('R1',13,'17:19',59,13),('R1',14,'17:24',59,14),('R1',1,'16:39',60,1),('R1',2,'16:46',60,2),('R1',3,'16:51',60,3),('R1',4,'16:54',60,4),('R1',5,'16:59',60,5),('R1',6,'17:07',60,6),('R1',7,'17:11',60,7),('R1',8,'17:13',60,8),('R1',9,'17:15',60,9),('R1',10,'17:18',60,10),('R1',11,'17:24',60,11),('R1',12,'17:27',60,12),('R1',13,'17:29',60,13),('R1',14,'17:34',60,14),('R1',1,'16:48',61,1),('R1',2,'16:55',61,2),('R1',3,'17:00',61,3),('R1',4,'17:03',61,4),('R1',5,'17:07',61,5),('R1',6,'17:16',61,6),('R1',7,'17:20',61,7),('R1',8,'17:22',61,8),('R1',9,'17:24',61,9),('R1',10,'17:27',61,10),('R1',11,'17:33',61,11),('R1',12,'17:36',61,12),('R1',13,'17:38',61,13),('R1',14,'17:43',61,14),('R1',15,'17:47',61,15),('R1',16,'17:50',61,16),('R1',17,'17:53',61,17),('R1',18,'17:57',61,18),('R1',19,'18:03',61,19),('R1',20,'18:08',61,20),('R1',21,'18:11',61,21),('R1',22,'18:14',61,22),('R1',23,'18:18',61,23),('R1',24,'18:23',61,24),('R1',25,'18:28',61,25),('R1',26,'18:37',61,26),('R1',1,'16:57',62,1),('R1',2,'17:04',62,2),('R1',3,'17:09',62,3),('R1',4,'17:12',62,4),('R1',5,'17:17',62,5),('R1',6,'17:26',62,6),('R1',7,'17:29',62,7),('R1',8,'17:32',62,8),('R1',9,'17:34',62,9),('R1',10,'17:37',62,10),('R1',11,'17:43',62,11),('R1',12,'17:46',62,12),('R1',13,'17:48',62,13),('R1',14,'17:53',62,14),('R1',15,'17:57',62,15),('R1',16,'18:00',62,16),('R1',17,'18:03',62,17),('R1',1,'17:09',63,1),('R1',2,'17:16',63,2),('R1',3,'17:21',63,3),('R1',4,'17:24',63,4),('R1',5,'17:29',63,5),('R1',6,'17:37',63,6),('R1',7,'17:40',63,7),('R1',8,'17:43',63,8),('R1',9,'17:45',63,9),('R1',10,'17:48',63,10),('R1',11,'17:54',63,11),('R1',12,'17:57',63,12),('R1',13,'17:59',63,13),('R1',14,'18:03',63,14),('R1',15,'18:07',63,15),('R1',16,'18:10',63,16),('R1',17,'18:13',63,17),('R1',18,'18:17',63,18),('R1',19,'18:22',63,19),('R1',20,'18:26',63,20),('R1',1,'17:18',64,1),('R1',2,'17:25',64,2),('R1',3,'17:30',64,3),('R1',4,'17:33',64,4),('R1',5,'17:37',64,5),('R1',6,'17:46',64,6),('R1',7,'17:50',64,7),('R1',8,'17:52',64,8),('R1',9,'17:54',64,9),('R1',10,'17:57',64,10),('R1',11,'18:03',64,11),('R1',12,'18:06',64,12),('R1',13,'18:08',64,13),('R1',14,'18:13',64,14),('R1',15,'18:17',64,15),('R1',16,'18:20',64,16),('R1',17,'18:23',64,17),('R1',18,'18:27',64,18),('R1',19,'18:33',64,19),('R1',20,'18:38',64,20),('R1',21,'18:41',64,21),('R1',22,'18:44',64,22),('R1',23,'18:48',64,23),('R1',24,'18:53',64,24),('R1',25,'18:58',64,25),('R1',26,'19:07',64,26),('R1',1,'17:27',65,1),('R1',2,'17:34',65,2),('R1',3,'17:39',65,3),('R1',4,'17:42',65,4),('R1',5,'17:47',65,5),('R1',6,'17:56',65,6),('R1',7,'17:59',65,7),('R1',8,'18:02',65,8),('R1',9,'18:04',65,9),('R1',10,'18:07',65,10),('R1',11,'18:13',65,11),('R1',12,'18:16',65,12),('R1',13,'18:18',65,13),('R1',14,'18:23',65,14),('R1',15,'18:27',65,15),('R1',16,'18:30',65,16),('R1',17,'18:33',65,17),('R1',1,'17:39',66,1),('R1',2,'17:46',66,2),('R1',3,'17:51',66,3),('R1',4,'17:54',66,4),('R1',5,'17:59',66,5),('R1',6,'18:07',66,6),('R1',7,'18:10',66,7),('R1',8,'18:13',66,8),('R1',9,'18:15',66,9),('R1',10,'18:18',66,10),('R1',11,'18:24',66,11),('R1',12,'18:27',66,12),('R1',13,'18:29',66,13),('R1',14,'18:33',66,14),('R1',15,'18:37',66,15),('R1',16,'18:40',66,16),('R1',17,'18:43',66,17),('R1',18,'18:47',66,18),('R1',19,'18:52',66,19),('R1',20,'18:56',66,20),('R1',1,'17:48',67,1),('R1',2,'17:55',67,2),('R1',3,'18:00',67,3),('R1',4,'18:03',67,4),('R1',5,'18:07',67,5),('R1',6,'18:16',67,6),('R1',7,'18:20',67,7),('R1',8,'18:22',67,8),('R1',9,'18:24',67,9),('R1',10,'18:27',67,10),('R1',11,'18:33',67,11),('R1',12,'18:36',67,12),('R1',13,'18:38',67,13),('R1',14,'18:43',67,14),('R1',15,'18:47',67,15),('R1',16,'18:50',67,16),('R1',17,'18:53',67,17),('R1',18,'18:57',67,18),('R1',19,'19:03',67,19),('R1',20,'19:08',67,20),('R1',21,'19:11',67,21),('R1',22,'19:14',67,22),('R1',23,'19:18',67,23),('R1',24,'19:23',67,24),('R1',25,'19:28',67,25),('R1',26,'19:38',67,26),('R1',1,'17:57',68,1),('R1',2,'18:04',68,2),('R1',3,'18:09',68,3),('R1',4,'18:12',68,4),('R1',5,'18:17',68,5),('R1',6,'18:26',68,6),('R1',7,'18:29',68,7),('R1',8,'18:32',68,8),('R1',9,'18:34',68,9),('R1',10,'18:37',68,10),('R1',11,'18:43',68,11),('R1',12,'18:46',68,12),('R1',13,'18:48',68,13),('R1',14,'18:53',68,14),('R1',15,'18:57',68,15),('R1',16,'19:00',68,16),('R1',17,'19:03',68,17),('R1',1,'18:09',69,1),('R1',2,'18:16',69,2),('R1',3,'18:21',69,3),('R1',4,'18:24',69,4),('R1',5,'18:29',69,5),('R1',6,'18:37',69,6),('R1',7,'18:40',69,7),('R1',8,'18:43',69,8),('R1',9,'18:45',69,9),('R1',10,'18:48',69,10),('R1',11,'18:54',69,11),('R1',12,'18:57',69,12),('R1',13,'18:59',69,13),('R1',14,'19:03',69,14),('R1',15,'19:07',69,15),('R1',16,'19:10',69,16),('R1',17,'19:13',69,17),('R1',18,'19:17',69,18),('R1',19,'19:22',69,19),('R1',20,'19:26',69,20),('R1',1,'18:18',70,1),('R1',2,'18:25',70,2),('R1',3,'18:30',70,3),('R1',4,'18:33',70,4),('R1',5,'18:37',70,5),('R1',6,'18:46',70,6),('R1',7,'18:50',70,7),('R1',8,'18:52',70,8),('R1',9,'18:54',70,9),('R1',10,'18:57',70,10),('R1',11,'19:03',70,11),('R1',12,'19:06',70,12),('R1',13,'19:08',70,13),('R1',14,'19:13',70,14),('R1',15,'19:17',70,15),('R1',16,'19:20',70,16),('R1',17,'19:23',70,17),('R1',18,'19:27',70,18),('R1',19,'19:33',70,19),('R1',20,'19:38',70,20),('R1',21,'19:41',70,21),('R1',22,'19:44',70,22),('R1',23,'19:48',70,23),('R1',24,'19:53',70,24),('R1',25,'19:58',70,25),('R1',26,'20:07',70,26),('R1',1,'18:27',71,1),('R1',2,'18:34',71,2),('R1',3,'18:39',71,3),('R1',4,'18:42',71,4),('R1',5,'18:47',71,5),('R1',6,'18:56',71,6),('R1',7,'18:59',71,7),('R1',8,'19:02',71,8),('R1',9,'19:04',71,9),('R1',10,'19:07',71,10),('R1',11,'19:13',71,11),('R1',12,'19:16',71,12),('R1',13,'19:18',71,13),('R1',14,'19:23',71,14),('R1',15,'19:27',71,15),('R1',16,'19:30',71,16),('R1',17,'19:33',71,17),('R1',1,'18:39',72,1),('R1',2,'18:46',72,2),('R1',3,'18:51',72,3),('R1',4,'18:54',72,4),('R1',5,'18:59',72,5),('R1',6,'19:07',72,6),('R1',7,'19:10',72,7),('R1',8,'19:13',72,8),('R1',9,'19:15',72,9),('R1',10,'19:18',72,10),('R1',11,'19:24',72,11),('R1',12,'19:27',72,12),('R1',13,'19:29',72,13),('R1',14,'19:33',72,14),('R1',15,'19:37',72,15),('R1',16,'19:40',72,16),('R1',17,'19:43',72,17),('R1',18,'19:47',72,18),('R1',19,'19:52',72,19),('R1',20,'19:56',72,20),('R1',1,'18:48',73,1),('R1',2,'18:55',73,2),('R1',3,'19:00',73,3),('R1',4,'19:03',73,4),('R1',5,'19:07',73,5),('R1',6,'19:16',73,6),('R1',7,'19:20',73,7),('R1',8,'19:22',73,8),('R1',9,'19:24',73,9),('R1',10,'19:27',73,10),('R1',11,'19:33',73,11),('R1',12,'19:36',73,12),('R1',13,'19:38',73,13),('R1',14,'19:43',73,14),('R1',15,'19:47',73,15),('R1',16,'19:50',73,16),('R1',17,'19:53',73,17),('R1',18,'19:57',73,18),('R1',19,'20:03',73,19),('R1',20,'20:08',73,20),('R1',21,'20:11',73,21),('R1',22,'20:14',73,22),('R1',23,'20:18',73,23),('R1',24,'20:23',73,24),('R1',25,'20:28',73,25),('R1',26,'20:37',73,26),('R1',1,'18:57',74,1),('R1',2,'19:04',74,2),('R1',3,'19:09',74,3),('R1',4,'19:12',74,4),('R1',5,'19:17',74,5),('R1',6,'19:25',74,6),('R1',7,'19:28',74,7),('R1',8,'19:31',74,8),('R1',9,'19:33',74,9),('R1',10,'19:36',74,10),('R1',11,'19:42',74,11),('R1',12,'19:45',74,12),('R1',13,'19:47',74,13),('R1',14,'19:52',74,14),('R1',15,'19:56',74,15),('R1',16,'19:59',74,16),('R1',17,'20:02',74,17),('R1',1,'19:03',75,1),('R1',2,'19:10',75,2),('R1',3,'19:15',75,3),('R1',4,'19:17',75,4),('R1',5,'19:22',75,5),('R1',6,'19:30',75,6),('R1',7,'19:35',75,7),('R1',8,'19:36',75,8),('R1',9,'19:38',75,9),('R1',10,'19:42',75,10),('R1',11,'19:48',75,11),('R1',12,'19:50',75,12),('R1',13,'19:52',75,13),('R1',14,'19:58',75,14),('R1',15,'20:03',75,15),('R1',16,'20:07',75,16),('R1',17,'20:11',75,17),('R1',18,'20:16',75,18),('R1',19,'20:22',75,19),('R1',20,'20:26',75,20),('R1',1,'19:09',76,1),('R1',2,'19:16',76,2),('R1',3,'19:21',76,3),('R1',4,'19:24',76,4),('R1',5,'19:29',76,5),('R1',6,'19:38',76,6),('R1',7,'19:41',76,7),('R1',8,'19:44',76,8),('R1',9,'19:46',76,9),('R1',10,'19:49',76,10),('R1',11,'19:55',76,11),('R1',12,'19:58',76,12),('R1',13,'20:00',76,13),('R1',14,'20:05',76,14),('R1',15,'20:09',76,15),('R1',16,'20:12',76,16),('R1',17,'20:15',76,17),('R1',1,'19:18',77,1),('R1',2,'19:25',77,2),('R1',3,'19:30',77,3),('R1',4,'19:33',77,4),('R1',5,'19:37',77,5),('R1',6,'19:46',77,6),('R1',7,'19:50',77,7),('R1',8,'19:52',77,8),('R1',9,'19:54',77,9),('R1',10,'19:57',77,10),('R1',11,'20:03',77,11),('R1',12,'20:06',77,12),('R1',13,'20:08',77,13),('R1',14,'20:13',77,14),('R1',15,'20:17',77,15),('R1',16,'20:20',77,16),('R1',17,'20:23',77,17),('R1',18,'20:27',77,18),('R1',19,'20:33',77,19),('R1',20,'20:38',77,20),('R1',21,'20:41',77,21),('R1',22,'20:44',77,22),('R1',23,'20:48',77,23),('R1',24,'20:53',77,24),('R1',25,'20:58',77,25),('R1',26,'21:07',77,26),('R1',1,'19:27',78,1),('R1',2,'19:34',78,2),('R1',3,'19:39',78,3),('R1',4,'19:42',78,4),('R1',5,'19:47',78,5),('R1',6,'19:55',78,6),('R1',7,'19:58',78,7),('R1',8,'20:01',78,8),('R1',9,'20:03',78,9),('R1',10,'20:06',78,10),('R1',11,'20:12',78,11),('R1',12,'20:15',78,12),('R1',13,'20:17',78,13),('R1',14,'20:22',78,14),('R1',15,'20:26',78,15),('R1',16,'20:29',78,16),('R1',17,'20:32',78,17),('R1',1,'19:33',79,1),('R1',2,'19:40',79,2),('R1',3,'19:45',79,3),('R1',4,'19:48',79,4),('R1',5,'19:53',79,5),('R1',6,'20:02',79,6),('R1',7,'20:05',79,7),('R1',8,'20:08',79,8),('R1',9,'20:10',79,9),('R1',10,'20:13',79,10),('R1',11,'20:19',79,11),('R1',12,'20:22',79,12),('R1',13,'20:24',79,13),('R1',14,'20:28',79,14),('R1',15,'20:33',79,15),('R1',16,'20:37',79,16),('R1',17,'20:41',79,17),('R1',18,'20:46',79,18),('R1',19,'20:52',79,19),('R1',20,'20:56',79,20),('R1',1,'19:39',80,1),('R1',2,'19:46',80,2),('R1',3,'19:51',80,3),('R1',4,'19:54',80,4),('R1',5,'19:59',80,5),('R1',6,'20:08',80,6),('R1',7,'20:11',80,7),('R1',8,'20:14',80,8),('R1',9,'20:16',80,9),('R1',10,'20:19',80,10),('R1',11,'20:25',80,11),('R1',12,'20:28',80,12),('R1',13,'20:30',80,13),('R1',14,'20:35',80,14),('R1',15,'20:39',80,15),('R1',16,'20:42',80,16),('R1',17,'20:45',80,17),('R1',1,'19:48',81,1),('R1',2,'19:55',81,2),('R1',3,'20:00',81,3),('R1',4,'20:03',81,4),('R1',5,'20:07',81,5),('R1',6,'20:16',81,6),('R1',7,'20:20',81,7),('R1',8,'20:22',81,8),('R1',9,'20:24',81,9),('R1',10,'20:27',81,10),('R1',11,'20:33',81,11),('R1',12,'20:36',81,12),('R1',13,'20:38',81,13),('R1',14,'20:43',81,14),('R1',15,'20:47',81,15),('R1',16,'20:50',81,16),('R1',17,'20:53',81,17),('R1',18,'20:57',81,18),('R1',19,'21:03',81,19),('R1',20,'21:08',81,20),('R1',21,'21:11',81,21),('R1',22,'21:14',81,22),('R1',23,'21:18',81,23),('R1',24,'21:23',81,24),('R1',25,'21:28',81,25),('R1',26,'21:38',81,26),('R1',1,'19:57',82,1),('R1',2,'20:04',82,2),('R1',3,'20:09',82,3),('R1',4,'20:12',82,4),('R1',5,'20:16',82,5),('R1',6,'20:26',82,6),('R1',7,'20:30',82,7),('R1',8,'20:32',82,8),('R1',9,'20:34',82,9),('R1',10,'20:37',82,10),('R1',11,'20:43',82,11),('R1',12,'20:46',82,12),('R1',13,'20:48',82,13),('R1',14,'20:53',82,14),('R1',15,'20:57',82,15),('R1',16,'21:00',82,16),('R1',17,'21:03',82,17),('R1',18,'21:07',82,18),('R1',19,'21:13',82,19),('R1',20,'21:18',82,20),('R1',21,'21:21',82,21),('R1',22,'21:24',82,22),('R1',23,'21:27',82,23),('R1',24,'21:32',82,24),('R1',1,'20:09',83,1),('R1',2,'20:16',83,2),('R1',3,'20:21',83,3),('R1',4,'20:24',83,4),('R1',5,'20:29',83,5),('R1',6,'20:37',83,6),('R1',7,'20:40',83,7),('R1',8,'20:43',83,8),('R1',9,'20:45',83,9),('R1',10,'20:48',83,10),('R1',11,'20:54',83,11),('R1',12,'20:57',83,12),('R1',13,'20:59',83,13),('R1',14,'21:04',83,14),('R1',15,'21:08',83,15),('R1',16,'21:11',83,16),('R1',17,'21:14',83,17),('R1',1,'20:18',84,1),('R1',2,'20:25',84,2),('R1',3,'20:30',84,3),('R1',4,'20:33',84,4),('R1',5,'20:37',84,5),('R1',6,'20:46',84,6),('R1',7,'20:50',84,7),('R1',8,'20:52',84,8),('R1',9,'20:54',84,9),('R1',10,'20:57',84,10),('R1',11,'21:03',84,11),('R1',12,'21:06',84,12),('R1',13,'21:08',84,13),('R1',14,'21:13',84,14),('R1',15,'21:17',84,15),('R1',16,'21:20',84,16),('R1',17,'21:23',84,17),('R1',18,'21:27',84,18),('R1',19,'21:33',84,19),('R1',20,'21:38',84,20),('R1',21,'21:41',84,21),('R1',22,'21:44',84,22),('R1',23,'21:48',84,23),('R1',24,'21:53',84,24),('R1',25,'21:58',84,25),('R1',26,'22:07',84,26),('R1',1,'20:27',85,1),('R1',2,'20:34',85,2),('R1',3,'20:39',85,3),('R1',4,'20:42',85,4),('R1',5,'20:47',85,5),('R1',6,'20:56',85,6),('R1',7,'20:59',85,7),('R1',8,'21:02',85,8),('R1',9,'21:04',85,9),('R1',10,'21:07',85,10),('R1',11,'21:13',85,11),('R1',12,'21:16',85,12),('R1',13,'21:18',85,13),('R1',14,'21:23',85,14),('R1',15,'21:27',85,15),('R1',16,'21:30',85,16),('R1',17,'21:33',85,17),('R1',1,'20:39',86,1),('R1',2,'20:46',86,2),('R1',3,'20:51',86,3),('R1',4,'20:54',86,4),('R1',5,'20:59',86,5),('R1',6,'21:07',86,6),('R1',7,'21:10',86,7),('R1',8,'21:13',86,8),('R1',9,'21:15',86,9),('R1',10,'21:18',86,10),('R1',11,'21:24',86,11),('R1',12,'21:27',86,12),('R1',13,'21:29',86,13),('R1',14,'21:34',86,14),('R1',15,'21:38',86,15),('R1',16,'21:41',86,16),('R1',17,'21:44',86,17),('R1',1,'20:48',87,1),('R1',2,'20:55',87,2),('R1',3,'21:00',87,3),('R1',4,'21:03',87,4),('R1',5,'21:07',87,5),('R1',6,'21:16',87,6),('R1',7,'21:20',87,7),('R1',8,'21:22',87,8),('R1',9,'21:24',87,9),('R1',10,'21:27',87,10),('R1',11,'21:33',87,11),('R1',12,'21:36',87,12),('R1',13,'21:38',87,13),('R1',14,'21:43',87,14),('R1',15,'21:47',87,15),('R1',16,'21:50',87,16),('R1',17,'21:53',87,17),('R1',18,'21:57',87,18),('R1',19,'22:03',87,19),('R1',20,'22:08',87,20),('R1',21,'22:11',87,21),('R1',22,'22:14',87,22),('R1',23,'22:18',87,23),('R1',24,'22:23',87,24),('R1',25,'22:28',87,25),('R1',26,'22:37',87,26),('R1',1,'20:57',88,1),('R1',2,'21:04',88,2),('R1',3,'21:09',88,3),('R1',4,'21:12',88,4),('R1',5,'21:17',88,5),('R1',6,'21:26',88,6),('R1',7,'21:29',88,7),('R1',8,'21:32',88,8),('R1',9,'21:34',88,9),('R1',10,'21:37',88,10),('R1',11,'21:43',88,11),('R1',12,'21:46',88,12),('R1',13,'21:48',88,13),('R1',14,'21:53',88,14),('R1',15,'21:57',88,15),('R1',16,'22:00',88,16),('R1',17,'22:03',88,17),('R1',1,'21:09',89,1),('R1',2,'21:16',89,2),('R1',3,'21:21',89,3),('R1',4,'21:24',89,4),('R1',5,'21:29',89,5),('R1',6,'21:37',89,6),('R1',7,'21:41',89,7),('R1',8,'21:43',89,8),('R1',9,'21:45',89,9),('R1',10,'21:48',89,10),('R1',11,'21:54',89,11),('R1',12,'21:57',89,12),('R1',13,'21:59',89,13),('R1',14,'22:04',89,14),('R1',1,'21:18',90,1),('R1',2,'21:25',90,2),('R1',3,'21:30',90,3),('R1',4,'21:33',90,4),('R1',5,'21:37',90,5),('R1',6,'21:46',90,6),('R1',7,'21:50',90,7),('R1',8,'21:52',90,8),('R1',9,'21:54',90,9),('R1',10,'21:57',90,10),('R1',11,'22:03',90,11),('R1',12,'22:06',90,12),('R1',13,'22:08',90,13),('R1',14,'22:13',90,14),('R1',15,'22:17',90,15),('R1',16,'22:20',90,16),('R1',17,'22:23',90,17),('R1',18,'22:27',90,18),('R1',19,'22:33',90,19),('R1',20,'22:38',90,20),('R1',21,'22:41',90,21),('R1',22,'22:44',90,22),('R1',23,'22:48',90,23),('R1',24,'22:52',90,24),('R1',1,'21:33',91,1),('R1',2,'21:40',91,2),('R1',3,'21:45',91,3),('R1',4,'21:48',91,4),('R1',5,'21:53',91,5),('R1',6,'22:02',91,6),('R1',7,'22:06',91,7),('R1',8,'22:08',91,8),('R1',9,'22:10',91,9),('R1',10,'22:13',91,10),('R1',11,'22:19',91,11),('R1',12,'22:22',91,12),('R1',13,'22:24',91,13),('R1',14,'22:29',91,14),('R1',1,'21:48',92,1),('R1',2,'21:55',92,2),('R1',3,'22:00',92,3),('R1',4,'22:03',92,4),('R1',5,'22:07',92,5),('R1',6,'22:16',92,6),('R1',7,'22:20',92,7),('R1',8,'22:22',92,8),('R1',9,'22:24',92,9),('R1',10,'22:27',92,10),('R1',11,'22:33',92,11),('R1',12,'22:36',92,12),('R1',13,'22:38',92,13),('R1',14,'22:43',92,14),('R1',15,'22:47',92,15),('R1',16,'22:50',92,16),('R1',17,'22:53',92,17),('R1',18,'22:57',92,18),('R1',19,'23:03',92,19),('R1',20,'23:08',92,20),('R1',21,'23:11',92,21),('R1',22,'23:14',92,22),('R1',23,'23:18',92,23),('R1',24,'23:23',92,24),('R1',25,'23:28',92,25),('R1',26,'23:37',92,26),('R1',1,'22:18',93,1),('R1',2,'22:25',93,2),('R1',3,'22:30',93,3),('R1',4,'22:33',93,4),('R1',5,'22:37',93,5),('R1',6,'22:46',93,6),('R1',7,'22:50',93,7),('R1',8,'22:52',93,8),('R1',9,'22:54',93,9),('R1',10,'22:57',93,10),('R1',11,'23:03',93,11),('R1',12,'23:06',93,12),('R1',13,'23:08',93,13),('R1',14,'23:13',93,14),('R1',15,'23:17',93,15),('R1',16,'23:20',93,16),('R1',17,'23:23',93,17),('R1',18,'23:27',93,18),('R1',19,'23:33',93,19),('R1',20,'23:38',93,20),('R1',21,'23:41',93,21),('R1',22,'23:44',93,22),('R1',23,'23:48',93,23),('R1',24,'23:52',93,24),('R1',1,'22:48',94,1),('R1',2,'22:55',94,2),('R1',3,'23:00',94,3),('R1',4,'23:03',94,4),('R1',5,'23:07',94,5),('R1',6,'23:16',94,6),('R1',7,'23:20',94,7),('R1',8,'23:22',94,8),('R1',9,'23:24',94,9),('R1',10,'23:27',94,10),('R1',11,'23:33',94,11),('R1',12,'23:36',94,12),('R1',13,'23:38',94,13),('R1',14,'23:43',94,14),('R1',15,'23:47',94,15),('R1',16,'23:50',94,16),('R1',17,'23:53',94,17),('R1',18,'23:57',94,18),('R1',19,'00:03',94,19),('R1',20,'00:08',94,20),('R1',21,'00:11',94,21),('R1',22,'00:14',94,22),('R1',23,'00:18',94,23),('R1',24,'00:22',94,24),('R1',1,'23:33',95,1),('R1',2,'23:40',95,2),('R1',3,'23:45',95,3),('R1',4,'23:48',95,4),('R1',5,'23:52',95,5),('R1',6,'00:01',95,6),('R1',7,'00:05',95,7),('R1',8,'00:07',95,8),('R1',9,'00:09',95,9),('R1',10,'00:12',95,10),('R1',11,'00:18',95,11),('R1',12,'00:21',95,12),('R1',13,'00:23',95,13),('R1',14,'00:29',95,14),('R1',1,'05:56',96,14),('R1',2,'05:49',96,13),('R1',3,'05:44',96,12),('R1',4,'05:41',96,11),('R1',5,'05:37',96,10),('R1',6,'05:27',96,9),('R1',7,'05:24',96,8),('R1',8,'05:21',96,7),('R1',9,'05:19',96,6),('R1',10,'05:17',96,5),('R1',11,'05:11',96,4),('R1',12,'05:07',96,3),('R1',13,'05:05',96,2),('R1',14,'05:01',96,1),('R1',1,'06:17',97,20),('R1',2,'06:10',97,19),('R1',3,'06:05',97,18),('R1',4,'06:02',97,17),('R1',5,'05:58',97,16),('R1',6,'05:49',97,15),('R1',7,'05:46',97,14),('R1',8,'05:43',97,13),('R1',9,'05:41',97,12),('R1',10,'05:39',97,11),('R1',11,'05:33',97,10),('R1',12,'05:29',97,9),('R1',13,'05:27',97,8),('R1',14,'05:23',97,7),('R1',15,'05:18',97,6),('R1',16,'05:15',97,5),('R1',17,'05:13',97,4),('R1',18,'05:10',97,3),('R1',19,'05:05',97,2),('R1',20,'05:00',97,1),('R1',1,'06:41',98,20),('R1',2,'06:34',98,19),('R1',3,'06:29',98,18),('R1',4,'06:26',98,17),('R1',5,'06:22',98,16),('R1',6,'06:13',98,15),('R1',7,'06:10',98,14),('R1',8,'06:07',98,13),('R1',9,'06:05',98,12),('R1',10,'06:03',98,11),('R1',11,'05:57',98,10),('R1',12,'05:53',98,9),('R1',13,'05:51',98,8),('R1',14,'05:47',98,7),('R1',15,'05:42',98,6),('R1',16,'05:39',98,5),('R1',17,'05:37',98,4),('R1',18,'05:33',98,3),('R1',19,'05:29',98,2),('R1',20,'05:23',98,1),('R1',1,'06:56',99,14),('R1',2,'06:49',99,13),('R1',3,'06:44',99,12),('R1',4,'06:41',99,11),('R1',5,'06:37',99,10),('R1',6,'06:27',99,9),('R1',7,'06:24',99,8),('R1',8,'06:21',99,7),('R1',9,'06:19',99,6),('R1',10,'06:17',99,5),('R1',11,'06:11',99,4),('R1',12,'06:07',99,3),('R1',13,'06:05',99,2),('R1',14,'06:01',99,1),('R1',1,'07:11',100,20),('R1',2,'07:04',100,19),('R1',3,'06:59',100,18),('R1',4,'06:56',100,17),('R1',5,'06:52',100,16),('R1',6,'06:43',100,15),('R1',7,'06:40',100,14),('R1',8,'06:37',100,13),('R1',9,'06:35',100,12),('R1',10,'06:33',100,11),('R1',11,'06:27',100,10),('R1',12,'06:23',100,9),('R1',13,'06:21',100,8),('R1',14,'06:17',100,7),('R1',15,'06:12',100,6),('R1',16,'06:09',100,5),('R1',17,'06:07',100,4),('R1',18,'06:03',100,3),('R1',19,'05:59',100,2),('R1',20,'05:53',100,1),('R1',1,'07:26',101,14),('R1',2,'07:19',101,13),('R1',3,'07:14',101,12),('R1',4,'07:11',101,11),('R1',5,'07:07',101,10),('R1',6,'06:57',101,9),('R1',7,'06:54',101,8),('R1',8,'06:51',101,7),('R1',9,'06:49',101,6),('R1',10,'06:47',101,5),('R1',11,'06:41',101,4),('R1',12,'06:37',101,3),('R1',13,'06:35',101,2),('R1',14,'06:31',101,1),('R1',1,'07:35',102,24),('R1',2,'07:28',102,23),('R1',3,'07:23',102,22),('R1',4,'07:20',102,21),('R1',5,'07:16',102,20),('R1',6,'07:07',102,19),('R1',7,'07:04',102,18),('R1',8,'07:01',102,17),('R1',9,'06:59',102,16),('R1',10,'06:57',102,15),('R1',11,'06:51',102,14),('R1',12,'06:47',102,13),('R1',13,'06:45',102,12),('R1',14,'06:41',102,11),('R1',15,'06:36',102,10),('R1',16,'06:33',102,9),('R1',17,'06:31',102,8),('R1',18,'06:27',102,7),('R1',19,'06:22',102,6),('R1',20,'06:17',102,5),('R1',21,'06:13',102,4),('R1',22,'06:10',102,3),('R1',23,'06:07',102,2),('R1',24,'06:03',102,1),('R1',1,'07:47',103,17),('R1',2,'07:40',103,16),('R1',3,'07:35',103,15),('R1',4,'07:32',103,14),('R1',5,'07:28',103,13),('R1',6,'07:17',103,12),('R1',7,'07:14',103,11),('R1',8,'07:11',103,10),('R1',9,'07:09',103,9),('R1',10,'07:07',103,8),('R1',11,'07:01',103,7),('R1',12,'06:57',103,6),('R1',13,'06:55',103,5),('R1',14,'06:51',103,4),('R1',15,'06:46',103,3),('R1',16,'06:43',103,2),('R1',17,'06:41',103,1),('R1',1,'07:56',104,26),('R1',2,'07:49',104,25),('R1',3,'07:44',104,24),('R1',4,'07:41',104,23),('R1',5,'07:37',104,22),('R1',6,'07:27',104,21),('R1',7,'07:24',104,20),('R1',8,'07:21',104,19),('R1',9,'07:19',104,18),('R1',10,'07:17',104,17),('R1',11,'07:11',104,16),('R1',12,'07:07',104,15),('R1',13,'07:05',104,14),('R1',14,'07:01',104,13),('R1',15,'06:56',104,12),('R1',16,'06:53',104,11),('R1',17,'06:51',104,10),('R1',18,'06:47',104,9),('R1',19,'06:43',104,8),('R1',20,'06:38',104,7),('R1',21,'06:33',104,6),('R1',22,'06:30',104,5),('R1',23,'06:27',104,4),('R1',24,'06:23',104,3),('R1',25,'06:16',104,2),('R1',26,'06:09',104,1),('R1',1,'08:05',105,17),('R1',2,'07:58',105,16),('R1',3,'07:53',105,15),('R1',4,'07:50',105,14),('R1',5,'07:46',105,13),('R1',6,'07:35',105,12),('R1',7,'07:32',105,11),('R1',8,'07:29',105,10),('R1',9,'07:27',105,9),('R1',10,'07:25',105,8),('R1',11,'07:19',105,7),('R1',12,'07:15',105,6),('R1',13,'07:13',105,5),('R1',14,'07:09',105,4),('R1',15,'07:04',105,3),('R1',16,'07:01',105,2),('R1',17,'06:59',105,1),('R1',1,'08:11',106,17),('R1',2,'08:04',106,16),('R1',3,'07:59',106,15),('R1',4,'07:56',106,14),('R1',5,'07:52',106,13),('R1',6,'07:42',106,12),('R1',7,'07:39',106,11),('R1',8,'07:36',106,10),('R1',9,'07:34',106,9),('R1',10,'07:32',106,8),('R1',11,'07:26',106,7),('R1',12,'07:22',106,6),('R1',13,'07:20',106,5),('R1',14,'07:16',106,4),('R1',15,'07:11',106,3),('R1',16,'07:08',106,2),('R1',17,'07:06',106,1),('R1',1,'08:17',107,24),('R1',2,'08:10',107,23),('R1',3,'08:05',107,22),('R1',4,'08:02',107,21),('R1',5,'07:58',107,20),('R1',6,'07:49',107,19),('R1',7,'07:46',107,18),('R1',8,'07:43',107,17),('R1',9,'07:41',107,16),('R1',10,'07:39',107,15),('R1',11,'07:33',107,14),('R1',12,'07:29',107,13),('R1',13,'07:27',107,12),('R1',14,'07:23',107,11),('R1',15,'07:18',107,10),('R1',16,'07:15',107,9),('R1',17,'07:13',107,8),('R1',18,'07:08',107,7),('R1',19,'07:03',107,6),('R1',20,'06:58',107,5),('R1',21,'06:54',107,4),('R1',22,'06:51',107,3),('R1',23,'06:48',107,2),('R1',24,'06:43',107,1),('R1',1,'08:26',108,26),('R1',2,'08:19',108,25),('R1',3,'08:14',108,24),('R1',4,'08:11',108,23),('R1',5,'08:07',108,22),('R1',6,'07:57',108,21),('R1',7,'07:54',108,20),('R1',8,'07:51',108,19),('R1',9,'07:49',108,18),('R1',10,'07:47',108,17),('R1',11,'07:41',108,16),('R1',12,'07:37',108,15),('R1',13,'07:35',108,14),('R1',14,'07:31',108,13),('R1',15,'07:26',108,12),('R1',16,'07:23',108,11),('R1',17,'07:21',108,10),('R1',18,'07:17',108,9),('R1',19,'07:13',108,8),('R1',20,'07:08',108,7),('R1',21,'07:03',108,6),('R1',22,'07:00',108,5),('R1',23,'06:57',108,4),('R1',24,'06:53',108,3),('R1',25,'06:46',108,2),('R1',26,'06:39',108,1),('R1',1,'08:35',109,17),('R1',2,'08:28',109,16),('R1',3,'08:23',109,15),('R1',4,'08:20',109,14),('R1',5,'08:16',109,13),('R1',6,'08:05',109,12),('R1',7,'08:02',109,11),('R1',8,'07:59',109,10),('R1',9,'07:57',109,9),('R1',10,'07:55',109,8),('R1',11,'07:49',109,7),('R1',12,'07:45',109,6),('R1',13,'07:43',109,5),('R1',14,'07:39',109,4),('R1',15,'07:34',109,3),('R1',16,'07:31',109,2),('R1',17,'07:29',109,1),('R1',1,'08:41',110,17),('R1',2,'08:34',110,16),('R1',3,'08:29',110,15),('R1',4,'08:26',110,14),('R1',5,'08:22',110,13),('R1',6,'08:12',110,12),('R1',7,'08:09',110,11),('R1',8,'08:06',110,10),('R1',9,'08:04',110,9),('R1',10,'08:02',110,8),('R1',11,'07:56',110,7),('R1',12,'07:52',110,6),('R1',13,'07:50',110,5),('R1',14,'07:46',110,4),('R1',15,'07:41',110,3),('R1',16,'07:38',110,2),('R1',17,'07:36',110,1),('R1',1,'08:47',111,24),('R1',2,'08:40',111,23),('R1',3,'08:35',111,22),('R1',4,'08:32',111,21),('R1',5,'08:28',111,20),('R1',6,'08:19',111,19),('R1',7,'08:16',111,18),('R1',8,'08:13',111,17),('R1',9,'08:11',111,16),('R1',10,'08:09',111,15),('R1',11,'08:03',111,14),('R1',12,'07:59',111,13),('R1',13,'07:57',111,12),('R1',14,'07:53',111,11),('R1',15,'07:48',111,10),('R1',16,'07:45',111,9),('R1',17,'07:43',111,8),('R1',18,'07:38',111,7),('R1',19,'07:33',111,6),('R1',20,'07:28',111,5),('R1',21,'07:24',111,4),('R1',22,'07:21',111,3),('R1',23,'07:17',111,2),('R1',24,'07:12',111,1),('R1',1,'08:56',112,26),('R1',2,'08:49',112,25),('R1',3,'08:44',112,24),('R1',4,'08:41',112,23),('R1',5,'08:37',112,22),('R1',6,'08:27',112,21),('R1',7,'08:24',112,20),('R1',8,'08:21',112,19),('R1',9,'08:19',112,18),('R1',10,'08:17',112,17),('R1',11,'08:11',112,16),('R1',12,'08:07',112,15),('R1',13,'08:05',112,14),('R1',14,'08:01',112,13),('R1',15,'07:56',112,12),('R1',16,'07:53',112,11),('R1',17,'07:51',112,10),('R1',18,'07:47',112,9),('R1',19,'07:43',112,8),('R1',20,'07:38',112,7),('R1',21,'07:33',112,6),('R1',22,'07:30',112,5),('R1',23,'07:27',112,4),('R1',24,'07:23',112,3),('R1',25,'07:16',112,2),('R1',26,'07:09',112,1),('R1',1,'09:05',113,17),('R1',2,'08:58',113,16),('R1',3,'08:53',113,15),('R1',4,'08:50',113,14),('R1',5,'08:46',113,13),('R1',6,'08:35',113,12),('R1',7,'08:32',113,11),('R1',8,'08:29',113,10),('R1',9,'08:27',113,9),('R1',10,'08:25',113,8),('R1',11,'08:19',113,7),('R1',12,'08:15',113,6),('R1',13,'08:13',113,5),('R1',14,'08:09',113,4),('R1',15,'08:04',113,3),('R1',16,'08:01',113,2),('R1',17,'07:59',113,1),('R1',1,'09:11',114,17),('R1',2,'09:04',114,16),('R1',3,'08:59',114,15),('R1',4,'08:56',114,14),('R1',5,'08:52',114,13),('R1',6,'08:42',114,12),('R1',7,'08:39',114,11),('R1',8,'08:36',114,10),('R1',9,'08:34',114,9),('R1',10,'08:32',114,8),('R1',11,'08:26',114,7),('R1',12,'08:22',114,6),('R1',13,'08:20',114,5),('R1',14,'08:16',114,4),('R1',15,'08:11',114,3),('R1',16,'08:08',114,2),('R1',17,'08:06',114,1),('R1',1,'09:17',115,24),('R1',2,'09:10',115,23),('R1',3,'09:05',115,22),('R1',4,'09:02',115,21),('R1',5,'08:58',115,20),('R1',6,'08:49',115,19),('R1',7,'08:46',115,18),('R1',8,'08:43',115,17),('R1',9,'08:41',115,16),('R1',10,'08:39',115,15),('R1',11,'08:33',115,14),('R1',12,'08:29',115,13),('R1',13,'08:27',115,12),('R1',14,'08:23',115,11),('R1',15,'08:18',115,10),('R1',16,'08:15',115,9),('R1',17,'08:13',115,8),('R1',18,'08:08',115,7),('R1',19,'08:03',115,6),('R1',20,'07:58',115,5),('R1',21,'07:54',115,4),('R1',22,'07:51',115,3),('R1',23,'07:47',115,2),('R1',24,'07:42',115,1),('R1',1,'09:26',116,26),('R1',2,'09:19',116,25),('R1',3,'09:14',116,24),('R1',4,'09:11',116,23),('R1',5,'09:07',116,22),('R1',6,'08:57',116,21),('R1',7,'08:54',116,20),('R1',8,'08:51',116,19),('R1',9,'08:49',116,18),('R1',10,'08:47',116,17),('R1',11,'08:41',116,16),('R1',12,'08:37',116,15),('R1',13,'08:35',116,14),('R1',14,'08:31',116,13),('R1',15,'08:26',116,12),('R1',16,'08:23',116,11),('R1',17,'08:21',116,10),('R1',18,'08:17',116,9),('R1',19,'08:13',116,8),('R1',20,'08:08',116,7),('R1',21,'08:03',116,6),('R1',22,'08:00',116,5),('R1',23,'07:57',116,4),('R1',24,'07:53',116,3),('R1',25,'07:46',116,2),('R1',26,'07:39',116,1),('R1',1,'09:35',117,17),('R1',2,'09:28',117,16),('R1',3,'09:23',117,15),('R1',4,'09:20',117,14),('R1',5,'09:16',117,13),('R1',6,'09:07',117,12),('R1',7,'09:04',117,11),('R1',8,'09:01',117,10),('R1',9,'08:59',117,9),('R1',10,'08:57',117,8),('R1',11,'08:51',117,7),('R1',12,'08:47',117,6),('R1',13,'08:45',117,5),('R1',14,'08:41',117,4),('R1',15,'08:36',117,3),('R1',16,'08:33',117,2),('R1',17,'08:31',117,1),('R1',1,'09:47',118,20),('R1',2,'09:40',118,19),('R1',3,'09:35',118,18),('R1',4,'09:32',118,17),('R1',5,'09:28',118,16),('R1',6,'09:17',118,15),('R1',7,'09:14',118,14),('R1',8,'09:11',118,13),('R1',9,'09:09',118,12),('R1',10,'09:07',118,11),('R1',11,'09:01',118,10),('R1',12,'08:57',118,9),('R1',13,'08:55',118,8),('R1',14,'08:51',118,7),('R1',15,'08:46',118,6),('R1',16,'08:43',118,5),('R1',17,'08:41',118,4),('R1',18,'08:38',118,3),('R1',19,'08:33',118,2),('R1',20,'08:28',118,1),('R1',1,'09:56',119,26),('R1',2,'09:49',119,25),('R1',3,'09:44',119,24),('R1',4,'09:41',119,23),('R1',5,'09:37',119,22),('R1',6,'09:27',119,21),('R1',7,'09:24',119,20),('R1',8,'09:21',119,19),('R1',9,'09:19',119,18),('R1',10,'09:17',119,17),('R1',11,'09:11',119,16),('R1',12,'09:07',119,15),('R1',13,'09:05',119,14),('R1',14,'09:01',119,13),('R1',15,'08:56',119,12),('R1',16,'08:53',119,11),('R1',17,'08:51',119,10),('R1',18,'08:47',119,9),('R1',19,'08:43',119,8),('R1',20,'08:38',119,7),('R1',21,'08:33',119,6),('R1',22,'08:30',119,5),('R1',23,'08:27',119,4),('R1',24,'08:23',119,3),('R1',25,'08:16',119,2),('R1',26,'08:09',119,1),('R1',1,'10:05',120,17),('R1',2,'09:58',120,16),('R1',3,'09:53',120,15),('R1',4,'09:50',120,14),('R1',5,'09:46',120,13),('R1',6,'09:37',120,12),('R1',7,'09:34',120,11),('R1',8,'09:31',120,10),('R1',9,'09:29',120,9),('R1',10,'09:27',120,8),('R1',11,'09:21',120,7),('R1',12,'09:17',120,6),('R1',13,'09:15',120,5),('R1',14,'09:11',120,4),('R1',15,'09:06',120,3),('R1',16,'09:03',120,2),('R1',17,'09:01',120,1),('R1',1,'10:17',121,20),('R1',2,'10:10',121,19),('R1',3,'10:05',121,18),('R1',4,'10:02',121,17),('R1',5,'09:58',121,16),('R1',6,'09:47',121,15),('R1',7,'09:44',121,14),('R1',8,'09:41',121,13),('R1',9,'09:39',121,12),('R1',10,'09:37',121,11),('R1',11,'09:31',121,10),('R1',12,'09:27',121,9),('R1',13,'09:25',121,8),('R1',14,'09:21',121,7),('R1',15,'09:16',121,6),('R1',16,'09:13',121,5),('R1',17,'09:11',121,4),('R1',18,'09:08',121,3),('R1',19,'09:03',121,2),('R1',20,'08:58',121,1),('R1',1,'10:26',122,26),('R1',2,'10:19',122,25),('R1',3,'10:14',122,24),('R1',4,'10:11',122,23),('R1',5,'10:07',122,22),('R1',6,'09:57',122,21),('R1',7,'09:54',122,20),('R1',8,'09:51',122,19),('R1',9,'09:49',122,18),('R1',10,'09:47',122,17),('R1',11,'09:41',122,16),('R1',12,'09:37',122,15),('R1',13,'09:35',122,14),('R1',14,'09:31',122,13),('R1',15,'09:26',122,12),('R1',16,'09:23',122,11),('R1',17,'09:21',122,10),('R1',18,'09:17',122,9),('R1',19,'09:13',122,8),('R1',20,'09:08',122,7),('R1',21,'09:03',122,6),('R1',22,'09:00',122,5),('R1',23,'08:57',122,4),('R1',24,'08:53',122,3),('R1',25,'08:46',122,2),('R1',26,'08:39',122,1),('R1',1,'10:41',123,20),('R1',2,'10:34',123,19),('R1',3,'10:29',123,18),('R1',4,'10:25',123,17),('R1',5,'10:22',123,16),('R1',6,'10:11',123,15),('R1',7,'10:09',123,14),('R1',8,'10:05',123,13),('R1',9,'10:03',123,12),('R1',10,'10:02',123,11),('R1',11,'09:56',123,10),('R1',12,'09:51',123,9),('R1',13,'09:49',123,8),('R1',14,'09:46',123,7),('R1',15,'09:40',123,6),('R1',16,'09:37',123,5),('R1',17,'09:35',123,4),('R1',18,'09:27',123,3),('R1',19,'09:21',123,2),('R1',20,'09:16',123,1),('R1',1,'10:56',124,26),('R1',2,'10:49',124,25),('R1',3,'10:44',124,24),('R1',4,'10:41',124,23),('R1',5,'10:37',124,22),('R1',6,'10:27',124,21),('R1',7,'10:24',124,20),('R1',8,'10:21',124,19),('R1',9,'10:19',124,18),('R1',10,'10:17',124,17),('R1',11,'10:11',124,16),('R1',12,'10:07',124,15),('R1',13,'10:05',124,14),('R1',14,'10:01',124,13),('R1',15,'09:56',124,12),('R1',16,'09:53',124,11),('R1',17,'09:51',124,10),('R1',18,'09:47',124,9),('R1',19,'09:43',124,8),('R1',20,'09:38',124,7),('R1',21,'09:33',124,6),('R1',22,'09:30',124,5),('R1',23,'09:27',124,4),('R1',24,'09:23',124,3),('R1',25,'09:16',124,2),('R1',26,'09:09',124,1),('R1',1,'11:11',125,20),('R1',2,'11:04',125,19),('R1',3,'10:59',125,18),('R1',4,'10:55',125,17),('R1',5,'10:52',125,16),('R1',6,'10:41',125,15),('R1',7,'10:39',125,14),('R1',8,'10:35',125,13),('R1',9,'10:33',125,12),('R1',10,'10:32',125,11),('R1',11,'10:26',125,10),('R1',12,'10:21',125,9),('R1',13,'10:19',125,8),('R1',14,'10:16',125,7),('R1',15,'10:10',125,6),('R1',16,'10:07',125,5),('R1',17,'10:05',125,4),('R1',18,'09:57',125,3),('R1',19,'09:52',125,2),('R1',20,'09:46',125,1),('R1',1,'11:26',126,26),('R1',2,'11:19',126,25),('R1',3,'11:14',126,24),('R1',4,'11:11',126,23),('R1',5,'11:07',126,22),('R1',6,'10:57',126,21),('R1',7,'10:54',126,20),('R1',8,'10:51',126,19),('R1',9,'10:49',126,18),('R1',10,'10:47',126,17),('R1',11,'10:41',126,16),('R1',12,'10:37',126,15),('R1',13,'10:35',126,14),('R1',14,'10:31',126,13),('R1',15,'10:26',126,12),('R1',16,'10:23',126,11),('R1',17,'10:21',126,10),('R1',18,'10:17',126,9),('R1',19,'10:13',126,8),('R1',20,'10:08',126,7),('R1',21,'10:03',126,6),('R1',22,'10:00',126,5),('R1',23,'09:57',126,4),('R1',24,'09:53',126,3),('R1',25,'09:46',126,2),('R1',26,'09:39',126,1),('R1',1,'11:41',127,17),('R1',2,'11:34',127,16),('R1',3,'11:29',127,15),('R1',4,'11:26',127,14),('R1',5,'11:22',127,13),('R1',6,'11:12',127,12),('R1',7,'11:09',127,11),('R1',8,'11:06',127,10),('R1',9,'11:04',127,9),('R1',10,'11:02',127,8),('R1',11,'10:56',127,7),('R1',12,'10:52',127,6),('R1',13,'10:50',127,5),('R1',14,'10:46',127,4),('R1',15,'10:41',127,3),('R1',16,'10:38',127,2),('R1',17,'10:36',127,1),('R1',1,'11:56',128,26),('R1',2,'11:49',128,25),('R1',3,'11:44',128,24),('R1',4,'11:41',128,23),('R1',5,'11:37',128,22),('R1',6,'11:27',128,21),('R1',7,'11:24',128,20),('R1',8,'11:21',128,19),('R1',9,'11:19',128,18),('R1',10,'11:17',128,17),('R1',11,'11:11',128,16),('R1',12,'11:07',128,15),('R1',13,'11:05',128,14),('R1',14,'11:01',128,13),('R1',15,'10:56',128,12),('R1',16,'10:53',128,11),('R1',17,'10:51',128,10),('R1',18,'10:47',128,9),('R1',19,'10:43',128,8),('R1',20,'10:38',128,7),('R1',21,'10:33',128,6),('R1',22,'10:30',128,5),('R1',23,'10:27',128,4),('R1',24,'10:23',128,3),('R1',25,'10:16',128,2),('R1',26,'10:09',128,1),('R1',1,'12:11',129,14),('R1',2,'12:04',129,13),('R1',3,'11:59',129,12),('R1',4,'11:56',129,11),('R1',5,'11:52',129,10),('R1',6,'11:42',129,9),('R1',7,'11:39',129,8),('R1',8,'11:36',129,7),('R1',9,'11:34',129,6),('R1',10,'11:32',129,5),('R1',11,'11:26',129,4),('R1',12,'11:22',129,3),('R1',13,'11:20',129,2),('R1',14,'11:16',129,1),('R1',1,'12:26',130,26),('R1',2,'12:19',130,25),('R1',3,'12:14',130,24),('R1',4,'12:11',130,23),('R1',5,'12:07',130,22),('R1',6,'11:57',130,21),('R1',7,'11:54',130,20),('R1',8,'11:51',130,19),('R1',9,'11:49',130,18),('R1',10,'11:47',130,17),('R1',11,'11:41',130,16),('R1',12,'11:37',130,15),('R1',13,'11:35',130,14),('R1',14,'11:31',130,13),('R1',15,'11:26',130,12),('R1',16,'11:23',130,11),('R1',17,'11:21',130,10),('R1',18,'11:17',130,9),('R1',19,'11:13',130,8),('R1',20,'11:08',130,7),('R1',21,'11:03',130,6),('R1',22,'11:00',130,5),('R1',23,'10:57',130,4),('R1',24,'10:53',130,3),('R1',25,'10:46',130,2),('R1',26,'10:39',130,1),('R1',1,'12:41',131,14),('R1',2,'12:34',131,13),('R1',3,'12:29',131,12),('R1',4,'12:26',131,11),('R1',5,'12:22',131,10),('R1',6,'12:12',131,9),('R1',7,'12:09',131,8),('R1',8,'12:06',131,7),('R1',9,'12:04',131,6),('R1',10,'12:02',131,5),('R1',11,'11:56',131,4),('R1',12,'11:52',131,3),('R1',13,'11:50',131,2),('R1',14,'11:46',131,1),('R1',1,'12:56',132,26),('R1',2,'12:49',132,25),('R1',3,'12:44',132,24),('R1',4,'12:41',132,23),('R1',5,'12:37',132,22),('R1',6,'12:27',132,21),('R1',7,'12:24',132,20),('R1',8,'12:21',132,19),('R1',9,'12:19',132,18),('R1',10,'12:17',132,17),('R1',11,'12:11',132,16),('R1',12,'12:07',132,15),('R1',13,'12:05',132,14),('R1',14,'12:01',132,13),('R1',15,'11:56',132,12),('R1',16,'11:53',132,11),('R1',17,'11:51',132,10),('R1',18,'11:47',132,9),('R1',19,'11:43',132,8),('R1',20,'11:38',132,7),('R1',21,'11:33',132,6),('R1',22,'11:30',132,5),('R1',23,'11:27',132,4),('R1',24,'11:23',132,3),('R1',25,'11:16',132,2),('R1',26,'11:09',132,1),('R1',1,'13:11',133,14),('R1',2,'13:04',133,13),('R1',3,'12:59',133,12),('R1',4,'12:56',133,11),('R1',5,'12:52',133,10),('R1',6,'12:42',133,9),('R1',7,'12:39',133,8),('R1',8,'12:36',133,7),('R1',9,'12:34',133,6),('R1',10,'12:32',133,5),('R1',11,'12:26',133,4),('R1',12,'12:22',133,3),('R1',13,'12:20',133,2),('R1',14,'12:16',133,1),('R1',1,'13:26',134,24),('R1',2,'13:19',134,23),('R1',3,'13:14',134,22),('R1',4,'13:11',134,21),('R1',5,'13:07',134,20),('R1',6,'12:57',134,19),('R1',7,'12:54',134,18),('R1',8,'12:51',134,17),('R1',9,'12:49',134,16),('R1',10,'12:47',134,15),('R1',11,'12:41',134,14),('R1',12,'12:37',134,13),('R1',13,'12:35',134,12),('R1',14,'12:31',134,11),('R1',15,'12:26',134,10),('R1',16,'12:23',134,9),('R1',17,'12:21',134,8),('R1',18,'12:17',134,7),('R1',19,'12:13',134,6),('R1',20,'12:08',134,5),('R1',21,'12:03',134,4),('R1',22,'12:00',134,3),('R1',23,'11:57',134,2),('R1',24,'11:53',134,1),('R1',1,'13:41',135,14),('R1',2,'13:34',135,13),('R1',3,'13:29',135,12),('R1',4,'13:26',135,11),('R1',5,'13:22',135,10),('R1',6,'13:12',135,9),('R1',7,'13:09',135,8),('R1',8,'13:06',135,7),('R1',9,'13:04',135,6),('R1',10,'13:02',135,5),('R1',11,'12:56',135,4),('R1',12,'12:52',135,3),('R1',13,'12:50',135,2),('R1',14,'12:46',135,1),('R1',1,'13:56',136,26),('R1',2,'13:49',136,25),('R1',3,'13:44',136,24),('R1',4,'13:41',136,23),('R1',5,'13:37',136,22),('R1',6,'13:27',136,21),('R1',7,'13:24',136,20),('R1',8,'13:21',136,19),('R1',9,'13:19',136,18),('R1',10,'13:17',136,17),('R1',11,'13:11',136,16),('R1',12,'13:07',136,15),('R1',13,'13:05',136,14),('R1',14,'13:01',136,13),('R1',15,'12:56',136,12),('R1',16,'12:53',136,11),('R1',17,'12:51',136,10),('R1',18,'12:47',136,9),('R1',19,'12:43',136,8),('R1',20,'12:38',136,7),('R1',21,'12:33',136,6),('R1',22,'12:30',136,5),('R1',23,'12:27',136,4),('R1',24,'12:23',136,3),('R1',25,'12:16',136,2),('R1',26,'12:09',136,1),('R1',1,'14:11',137,14),('R1',2,'14:04',137,13),('R1',3,'13:59',137,12),('R1',4,'13:56',137,11),('R1',5,'13:52',137,10),('R1',6,'13:42',137,9),('R1',7,'13:39',137,8),('R1',8,'13:36',137,7),('R1',9,'13:34',137,6),('R1',10,'13:32',137,5),('R1',11,'13:26',137,4),('R1',12,'13:22',137,3),('R1',13,'13:20',137,2),('R1',14,'13:16',137,1),('R1',1,'14:26',138,24),('R1',2,'14:19',138,23),('R1',3,'14:14',138,22),('R1',4,'14:11',138,21),('R1',5,'14:07',138,20),('R1',6,'13:57',138,19),('R1',7,'13:54',138,18),('R1',8,'13:51',138,17),('R1',9,'13:49',138,16),('R1',10,'13:47',138,15),('R1',11,'13:41',138,14),('R1',12,'13:37',138,13),('R1',13,'13:35',138,12),('R1',14,'13:31',138,11),('R1',15,'13:26',138,10),('R1',16,'13:23',138,9),('R1',17,'13:21',138,8),('R1',18,'13:17',138,7),('R1',19,'13:13',138,6),('R1',20,'13:08',138,5),('R1',21,'13:03',138,4),('R1',22,'13:00',138,3),('R1',23,'12:57',138,2),('R1',24,'12:53',138,1),('R1',1,'14:41',139,14),('R1',2,'14:34',139,13),('R1',3,'14:29',139,12),('R1',4,'14:26',139,11),('R1',5,'14:22',139,10),('R1',6,'14:12',139,9),('R1',7,'14:09',139,8),('R1',8,'14:06',139,7),('R1',9,'14:04',139,6),('R1',10,'14:02',139,5),('R1',11,'13:56',139,4),('R1',12,'13:52',139,3),('R1',13,'13:50',139,2),('R1',14,'13:46',139,1),('R1',1,'14:56',140,26),('R1',2,'14:49',140,25),('R1',3,'14:44',140,24),('R1',4,'14:41',140,23),('R1',5,'14:37',140,22),('R1',6,'14:27',140,21),('R1',7,'14:24',140,20),('R1',8,'14:21',140,19),('R1',9,'14:19',140,18),('R1',10,'14:17',140,17),('R1',11,'14:11',140,16),('R1',12,'14:07',140,15),('R1',13,'14:05',140,14),('R1',14,'14:01',140,13),('R1',15,'13:56',140,12),('R1',16,'13:53',140,11),('R1',17,'13:51',140,10),('R1',18,'13:47',140,9),('R1',19,'13:43',140,8),('R1',20,'13:38',140,7),('R1',21,'13:33',140,6),('R1',22,'13:30',140,5),('R1',23,'13:27',140,4),('R1',24,'13:23',140,3),('R1',25,'13:16',140,2),('R1',26,'13:09',140,1),('R1',1,'15:05',141,14),('R1',2,'14:58',141,13),('R1',3,'14:53',141,12),('R1',4,'14:50',141,11),('R1',5,'14:46',141,10),('R1',6,'14:37',141,9),('R1',7,'14:34',141,8),('R1',8,'14:31',141,7),('R1',9,'14:29',141,6),('R1',10,'14:27',141,5),('R1',11,'14:21',141,4),('R1',12,'14:17',141,3),('R1',13,'14:15',141,2),('R1',14,'14:11',141,1),('R1',1,'15:17',142,14),('R1',2,'15:10',142,13),('R1',3,'15:05',142,12),('R1',4,'15:02',142,11),('R1',5,'14:58',142,10),('R1',6,'14:47',142,9),('R1',7,'14:44',142,8),('R1',8,'14:41',142,7),('R1',9,'14:39',142,6),('R1',10,'14:37',142,5),('R1',11,'14:31',142,4),('R1',12,'14:27',142,3),('R1',13,'14:25',142,2),('R1',14,'14:21',142,1),('R1',1,'15:26',143,24),('R1',2,'15:19',143,23),('R1',3,'15:14',143,22),('R1',4,'15:11',143,21),('R1',5,'15:07',143,20),('R1',6,'14:57',143,19),('R1',7,'14:54',143,18),('R1',8,'14:51',143,17),('R1',9,'14:49',143,16),('R1',10,'14:47',143,15),('R1',11,'14:41',143,14),('R1',12,'14:37',143,13),('R1',13,'14:35',143,12),('R1',14,'14:31',143,11),('R1',15,'14:26',143,10),('R1',16,'14:23',143,9),('R1',17,'14:21',143,8),('R1',18,'14:17',143,7),('R1',19,'14:13',143,6),('R1',20,'14:08',143,5),('R1',21,'14:03',143,4),('R1',22,'14:00',143,3),('R1',23,'13:57',143,2),('R1',24,'13:53',143,1),('R1',1,'15:35',144,14),('R1',2,'15:28',144,13),('R1',3,'15:23',144,12),('R1',4,'15:20',144,11),('R1',5,'15:16',144,10),('R1',6,'15:07',144,9),('R1',7,'15:04',144,8),('R1',8,'15:01',144,7),('R1',9,'14:59',144,6),('R1',10,'14:57',144,5),('R1',11,'14:51',144,4),('R1',12,'14:47',144,3),('R1',13,'14:45',144,2),('R1',14,'14:41',144,1),('R1',1,'15:47',145,14),('R1',2,'15:40',145,13),('R1',3,'15:35',145,12),('R1',4,'15:32',145,11),('R1',5,'15:28',145,10),('R1',6,'15:17',145,9),('R1',7,'15:14',145,8),('R1',8,'15:11',145,7),('R1',9,'15:09',145,6),('R1',10,'15:07',145,5),('R1',11,'15:01',145,4),('R1',12,'14:57',145,3),('R1',13,'14:55',145,2),('R1',14,'14:51',145,1),('R1',1,'15:56',146,26),('R1',2,'15:49',146,25),('R1',3,'15:44',146,24),('R1',4,'15:41',146,23),('R1',5,'15:37',146,22),('R1',6,'15:27',146,21),('R1',7,'15:24',146,20),('R1',8,'15:21',146,19),('R1',9,'15:19',146,18),('R1',10,'15:17',146,17),('R1',11,'15:11',146,16),('R1',12,'15:07',146,15),('R1',13,'15:05',146,14),('R1',14,'15:01',146,13),('R1',15,'14:56',146,12),('R1',16,'14:53',146,11),('R1',17,'14:51',146,10),('R1',18,'14:47',146,9),('R1',19,'14:43',146,8),('R1',20,'14:38',146,7),('R1',21,'14:33',146,6),('R1',22,'14:30',146,5),('R1',23,'14:27',146,4),('R1',24,'14:23',146,3),('R1',25,'14:16',146,2),('R1',26,'14:09',146,1),('R1',1,'16:05',147,14),('R1',2,'15:58',147,13),('R1',3,'15:53',147,12),('R1',4,'15:50',147,11),('R1',5,'15:46',147,10),('R1',6,'15:37',147,9),('R1',7,'15:34',147,8),('R1',8,'15:31',147,7),('R1',9,'15:29',147,6),('R1',10,'15:27',147,5),('R1',11,'15:21',147,4),('R1',12,'15:17',147,3),('R1',13,'15:15',147,2),('R1',14,'15:11',147,1),('R1',1,'16:17',148,14),('R1',2,'16:10',148,13),('R1',3,'16:05',148,12),('R1',4,'16:02',148,11),('R1',5,'15:58',148,10),('R1',6,'15:47',148,9),('R1',7,'15:44',148,8),('R1',8,'15:41',148,7),('R1',9,'15:39',148,6),('R1',10,'15:37',148,5),('R1',11,'15:31',148,4),('R1',12,'15:27',148,3),('R1',13,'15:25',148,2),('R1',14,'15:21',148,1),('R1',1,'16:26',149,24),('R1',2,'16:19',149,23),('R1',3,'16:14',149,22),('R1',4,'16:11',149,21),('R1',5,'16:07',149,20),('R1',6,'15:57',149,19),('R1',7,'15:54',149,18),('R1',8,'15:51',149,17),('R1',9,'15:49',149,16),('R1',10,'15:47',149,15),('R1',11,'15:41',149,14),('R1',12,'15:37',149,13),('R1',13,'15:35',149,12),('R1',14,'15:31',149,11),('R1',15,'15:26',149,10),('R1',16,'15:23',149,9),('R1',17,'15:21',149,8),('R1',18,'15:17',149,7),('R1',19,'15:13',149,6),('R1',20,'15:08',149,5),('R1',21,'15:03',149,4),('R1',22,'15:00',149,3),('R1',23,'14:57',149,2),('R1',24,'14:53',149,1),('R1',1,'16:35',150,14),('R1',2,'16:28',150,13),('R1',3,'16:23',150,12),('R1',4,'16:20',150,11),('R1',5,'16:16',150,10),('R1',6,'16:07',150,9),('R1',7,'16:04',150,8),('R1',8,'16:01',150,7),('R1',9,'15:59',150,6),('R1',10,'15:57',150,5),('R1',11,'15:51',150,4),('R1',12,'15:47',150,3),('R1',13,'15:45',150,2),('R1',14,'15:41',150,1),('R1',1,'16:47',151,20),('R1',2,'16:40',151,19),('R1',3,'16:35',151,18),('R1',4,'16:32',151,17),('R1',5,'16:28',151,16),('R1',6,'16:17',151,15),('R1',7,'16:14',151,14),('R1',8,'16:11',151,13),('R1',9,'16:09',151,12),('R1',10,'16:07',151,11),('R1',11,'16:01',151,10),('R1',12,'15:57',151,9),('R1',13,'15:55',151,8),('R1',14,'15:51',151,7),('R1',15,'15:46',151,6),('R1',16,'15:43',151,5),('R1',17,'15:41',151,4),('R1',18,'15:38',151,3),('R1',19,'15:33',151,2),('R1',20,'15:28',151,1),('R1',1,'16:56',152,26),('R1',2,'16:49',152,25),('R1',3,'16:44',152,24),('R1',4,'16:41',152,23),('R1',5,'16:37',152,22),('R1',6,'16:27',152,21),('R1',7,'16:24',152,20),('R1',8,'16:21',152,19),('R1',9,'16:19',152,18),('R1',10,'16:17',152,17),('R1',11,'16:11',152,16),('R1',12,'16:07',152,15),('R1',13,'16:05',152,14),('R1',14,'16:01',152,13),('R1',15,'15:56',152,12),('R1',16,'15:53',152,11),('R1',17,'15:51',152,10),('R1',18,'15:47',152,9),('R1',19,'15:43',152,8),('R1',20,'15:38',152,7),('R1',21,'15:33',152,6),('R1',22,'15:30',152,5),('R1',23,'15:27',152,4),('R1',24,'15:23',152,3),('R1',25,'15:16',152,2),('R1',26,'15:09',152,1),('R1',1,'17:05',153,14),('R1',2,'16:58',153,13),('R1',3,'16:53',153,12),('R1',4,'16:50',153,11),('R1',5,'16:46',153,10),('R1',6,'16:37',153,9),('R1',7,'16:34',153,8),('R1',8,'16:31',153,7),('R1',9,'16:29',153,6),('R1',10,'16:27',153,5),('R1',11,'16:21',153,4),('R1',12,'16:17',153,3),('R1',13,'16:15',153,2),('R1',14,'16:11',153,1),('R1',1,'17:17',154,20),('R1',2,'17:10',154,19),('R1',3,'17:05',154,18),('R1',4,'17:02',154,17),('R1',5,'16:58',154,16),('R1',6,'16:47',154,15),('R1',7,'16:44',154,14),('R1',8,'16:41',154,13),('R1',9,'16:39',154,12),('R1',10,'16:37',154,11),('R1',11,'16:31',154,10),('R1',12,'16:27',154,9),('R1',13,'16:25',154,8),('R1',14,'16:21',154,7),('R1',15,'16:16',154,6),('R1',16,'16:13',154,5),('R1',17,'16:11',154,4),('R1',18,'16:08',154,3),('R1',19,'16:03',154,2),('R1',20,'15:58',154,1),('R1',1,'17:26',155,24),('R1',2,'17:19',155,23),('R1',3,'17:14',155,22),('R1',4,'17:11',155,21),('R1',5,'17:07',155,20),('R1',6,'16:57',155,19),('R1',7,'16:54',155,18),('R1',8,'16:51',155,17),('R1',9,'16:49',155,16),('R1',10,'16:47',155,15),('R1',11,'16:41',155,14),('R1',12,'16:37',155,13),('R1',13,'16:35',155,12),('R1',14,'16:31',155,11),('R1',15,'16:26',155,10),('R1',16,'16:23',155,9),('R1',17,'16:21',155,8),('R1',18,'16:17',155,7),('R1',19,'16:13',155,6),('R1',20,'16:08',155,5),('R1',21,'16:03',155,4),('R1',22,'16:00',155,3),('R1',23,'15:57',155,2),('R1',24,'15:53',155,1),('R1',1,'17:35',156,14),('R1',2,'17:28',156,13),('R1',3,'17:23',156,12),('R1',4,'17:20',156,11),('R1',5,'17:16',156,10),('R1',6,'17:07',156,9),('R1',7,'17:04',156,8),('R1',8,'17:01',156,7),('R1',9,'16:59',156,6),('R1',10,'16:57',156,5),('R1',11,'16:51',156,4),('R1',12,'16:47',156,3),('R1',13,'16:45',156,2),('R1',14,'16:41',156,1),('R1',1,'17:47',157,20),('R1',2,'17:40',157,19),('R1',3,'17:35',157,18),('R1',4,'17:32',157,17),('R1',5,'17:28',157,16),('R1',6,'17:17',157,15),('R1',7,'17:14',157,14),('R1',8,'17:11',157,13),('R1',9,'17:09',157,12),('R1',10,'17:07',157,11),('R1',11,'17:01',157,10),('R1',12,'16:57',157,9),('R1',13,'16:55',157,8),('R1',14,'16:51',157,7),('R1',15,'16:46',157,6),('R1',16,'16:43',157,5),('R1',17,'16:41',157,4),('R1',18,'16:38',157,3),('R1',19,'16:33',157,2),('R1',20,'16:28',157,1),('R1',1,'17:56',158,26),('R1',2,'17:49',158,25),('R1',3,'17:44',158,24),('R1',4,'17:41',158,23),('R1',5,'17:37',158,22),('R1',6,'17:27',158,21),('R1',7,'17:24',158,20),('R1',8,'17:21',158,19),('R1',9,'17:19',158,18),('R1',10,'17:17',158,17),('R1',11,'17:11',158,16),('R1',12,'17:07',158,15),('R1',13,'17:05',158,14),('R1',14,'17:01',158,13),('R1',15,'16:56',158,12),('R1',16,'16:53',158,11),('R1',17,'16:51',158,10),('R1',18,'16:47',158,9),('R1',19,'16:43',158,8),('R1',20,'16:38',158,7),('R1',21,'16:33',158,6),('R1',22,'16:30',158,5),('R1',23,'16:27',158,4),('R1',24,'16:23',158,3),('R1',25,'16:16',158,2),('R1',26,'16:09',158,1),('R1',1,'18:05',159,14),('R1',2,'17:58',159,13),('R1',3,'17:53',159,12),('R1',4,'17:50',159,11),('R1',5,'17:46',159,10),('R1',6,'17:37',159,9),('R1',7,'17:34',159,8),('R1',8,'17:31',159,7),('R1',9,'17:29',159,6),('R1',10,'17:27',159,5),('R1',11,'17:21',159,4),('R1',12,'17:17',159,3),('R1',13,'17:15',159,2),('R1',14,'17:11',159,1),('R1',1,'18:17',160,14),('R1',2,'18:10',160,13),('R1',3,'18:05',160,12),('R1',4,'18:02',160,11),('R1',5,'17:58',160,10),('R1',6,'17:47',160,9),('R1',7,'17:44',160,8),('R1',8,'17:41',160,7),('R1',9,'17:39',160,6),('R1',10,'17:37',160,5),('R1',11,'17:31',160,4),('R1',12,'17:27',160,3),('R1',13,'17:25',160,2),('R1',14,'17:21',160,1),('R1',1,'18:26',161,24),('R1',2,'18:19',161,23),('R1',3,'18:14',161,22),('R1',4,'18:11',161,21),('R1',5,'18:07',161,20),('R1',6,'17:57',161,19),('R1',7,'17:54',161,18),('R1',8,'17:51',161,17),('R1',9,'17:49',161,16),('R1',10,'17:47',161,15),('R1',11,'17:41',161,14),('R1',12,'17:37',161,13),('R1',13,'17:35',161,12),('R1',14,'17:31',161,11),('R1',15,'17:26',161,10),('R1',16,'17:23',161,9),('R1',17,'17:21',161,8),('R1',18,'17:17',161,7),('R1',19,'17:13',161,6),('R1',20,'17:08',161,5),('R1',21,'17:03',161,4),('R1',22,'17:00',161,3),('R1',23,'16:57',161,2),('R1',24,'16:53',161,1),('R1',1,'18:35',162,14),('R1',2,'18:28',162,13),('R1',3,'18:23',162,12),('R1',4,'18:20',162,11),('R1',5,'18:16',162,10),('R1',6,'18:07',162,9),('R1',7,'18:04',162,8),('R1',8,'18:01',162,7),('R1',9,'17:59',162,6),('R1',10,'17:57',162,5),('R1',11,'17:51',162,4),('R1',12,'17:47',162,3),('R1',13,'17:45',162,2),('R1',14,'17:41',162,1),('R1',1,'18:47',163,14),('R1',2,'18:40',163,13),('R1',3,'18:35',163,12),('R1',4,'18:32',163,11),('R1',5,'18:28',163,10),('R1',6,'18:17',163,9),('R1',7,'18:14',163,8),('R1',8,'18:11',163,7),('R1',9,'18:09',163,6),('R1',10,'18:07',163,5),('R1',11,'18:01',163,4),('R1',12,'17:57',163,3),('R1',13,'17:55',163,2),('R1',14,'17:51',163,1),('R1',1,'18:56',164,26),('R1',2,'18:49',164,25),('R1',3,'18:44',164,24),('R1',4,'18:41',164,23),('R1',5,'18:37',164,22),('R1',6,'18:27',164,21),('R1',7,'18:24',164,20),('R1',8,'18:21',164,19),('R1',9,'18:19',164,18),('R1',10,'18:17',164,17),('R1',11,'18:11',164,16),('R1',12,'18:07',164,15),('R1',13,'18:05',164,14),('R1',14,'18:01',164,13),('R1',15,'17:56',164,12),('R1',16,'17:53',164,11),('R1',17,'17:51',164,10),('R1',18,'17:47',164,9),('R1',19,'17:43',164,8),('R1',20,'17:38',164,7),('R1',21,'17:33',164,6),('R1',22,'17:30',164,5),('R1',23,'17:27',164,4),('R1',24,'17:23',164,3),('R1',25,'17:16',164,2),('R1',26,'17:09',164,1),('R1',1,'19:05',165,14),('R1',2,'18:58',165,13),('R1',3,'18:53',165,12),('R1',4,'18:50',165,11),('R1',5,'18:46',165,10),('R1',6,'18:37',165,9),('R1',7,'18:34',165,8),('R1',8,'18:31',165,7),('R1',9,'18:29',165,6),('R1',10,'18:27',165,5),('R1',11,'18:21',165,4),('R1',12,'18:17',165,3),('R1',13,'18:15',165,2),('R1',14,'18:11',165,1),('R1',1,'19:17',166,14),('R1',2,'19:10',166,13),('R1',3,'19:05',166,12),('R1',4,'19:02',166,11),('R1',5,'18:58',166,10),('R1',6,'18:47',166,9),('R1',7,'18:44',166,8),('R1',8,'18:41',166,7),('R1',9,'18:39',166,6),('R1',10,'18:37',166,5),('R1',11,'18:31',166,4),('R1',12,'18:27',166,3),('R1',13,'18:25',166,2),('R1',14,'18:21',166,1),('R1',1,'19:26',167,24),('R1',2,'19:19',167,23),('R1',3,'19:14',167,22),('R1',4,'19:11',167,21),('R1',5,'19:07',167,20),('R1',6,'18:57',167,19),('R1',7,'18:54',167,18),('R1',8,'18:51',167,17),('R1',9,'18:49',167,16),('R1',10,'18:47',167,15),('R1',11,'18:41',167,14),('R1',12,'18:37',167,13),('R1',13,'18:35',167,12),('R1',14,'18:31',167,11),('R1',15,'18:26',167,10),('R1',16,'18:23',167,9),('R1',17,'18:21',167,8),('R1',18,'18:17',167,7),('R1',19,'18:13',167,6),('R1',20,'18:08',167,5),('R1',21,'18:03',167,4),('R1',22,'18:00',167,3),('R1',23,'17:57',167,2),('R1',24,'17:53',167,1),('R1',1,'19:35',168,14),('R1',2,'19:28',168,13),('R1',3,'19:23',168,12),('R1',4,'19:20',168,11),('R1',5,'19:16',168,10),('R1',6,'19:07',168,9),('R1',7,'19:04',168,8),('R1',8,'19:01',168,7),('R1',9,'18:59',168,6),('R1',10,'18:57',168,5),('R1',11,'18:51',168,4),('R1',12,'18:47',168,3),('R1',13,'18:45',168,2),('R1',14,'18:41',168,1),('R1',1,'19:47',169,17),('R1',2,'19:40',169,16),('R1',3,'19:35',169,15),('R1',4,'19:32',169,14),('R1',5,'19:28',169,13),('R1',6,'19:17',169,12),('R1',7,'19:14',169,11),('R1',8,'19:11',169,10),('R1',9,'19:09',169,9),('R1',10,'19:07',169,8),('R1',11,'19:01',169,7),('R1',12,'18:57',169,6),('R1',13,'18:55',169,5),('R1',14,'18:51',169,4),('R1',15,'18:46',169,3),('R1',16,'18:43',169,2),('R1',17,'18:41',169,1),('R1',1,'19:56',170,26),('R1',2,'19:49',170,25),('R1',3,'19:44',170,24),('R1',4,'19:41',170,23),('R1',5,'19:37',170,22),('R1',6,'19:27',170,21),('R1',7,'19:24',170,20),('R1',8,'19:21',170,19),('R1',9,'19:19',170,18),('R1',10,'19:17',170,17),('R1',11,'19:11',170,16),('R1',12,'19:07',170,15),('R1',13,'19:05',170,14),('R1',14,'19:01',170,13),('R1',15,'18:56',170,12),('R1',16,'18:53',170,11),('R1',17,'18:51',170,10),('R1',18,'18:47',170,9),('R1',19,'18:43',170,8),('R1',20,'18:38',170,7),('R1',21,'18:33',170,6),('R1',22,'18:30',170,5),('R1',23,'18:27',170,4),('R1',24,'18:23',170,3),('R1',25,'18:16',170,2),('R1',26,'18:09',170,1),('R1',1,'20:05',171,17),('R1',2,'19:58',171,16),('R1',3,'19:53',171,15),('R1',4,'19:50',171,14),('R1',5,'19:46',171,13),('R1',6,'19:37',171,12),('R1',7,'19:34',171,11),('R1',8,'19:31',171,10),('R1',9,'19:29',171,9),('R1',10,'19:27',171,8),('R1',11,'19:21',171,7),('R1',12,'19:17',171,6),('R1',13,'19:15',171,5),('R1',14,'19:11',171,4),('R1',15,'19:06',171,3),('R1',16,'19:03',171,2),('R1',17,'19:01',171,1),('R1',1,'20:17',172,20),('R1',2,'20:10',172,19),('R1',3,'20:05',172,18),('R1',4,'20:02',172,17),('R1',5,'19:58',172,16),('R1',6,'19:47',172,15),('R1',7,'19:44',172,14),('R1',8,'19:41',172,13),('R1',9,'19:39',172,12),('R1',10,'19:37',172,11),('R1',11,'19:31',172,10),('R1',12,'19:27',172,9),('R1',13,'19:25',172,8),('R1',14,'19:21',172,7),('R1',15,'19:16',172,6),('R1',16,'19:13',172,5),('R1',17,'19:11',172,4),('R1',18,'19:08',172,3),('R1',19,'19:03',172,2),('R1',20,'18:58',172,1),('R1',1,'20:26',173,24),('R1',2,'20:19',173,23),('R1',3,'20:14',173,22),('R1',4,'20:11',173,21),('R1',5,'20:07',173,20),('R1',6,'19:57',173,19),('R1',7,'19:54',173,18),('R1',8,'19:51',173,17),('R1',9,'19:49',173,16),('R1',10,'19:47',173,15),('R1',11,'19:41',173,14),('R1',12,'19:37',173,13),('R1',13,'19:35',173,12),('R1',14,'19:31',173,11),('R1',15,'19:26',173,10),('R1',16,'19:23',173,9),('R1',17,'19:21',173,8),('R1',18,'19:17',173,7),('R1',19,'19:13',173,6),('R1',20,'19:08',173,5),('R1',21,'19:03',173,4),('R1',22,'19:00',173,3),('R1',23,'18:57',173,2),('R1',24,'18:53',173,1),('R1',1,'20:35',174,17),('R1',2,'20:28',174,16),('R1',3,'20:23',174,15),('R1',4,'20:20',174,14),('R1',5,'20:16',174,13),('R1',6,'20:07',174,12),('R1',7,'20:04',174,11),('R1',8,'20:01',174,10),('R1',9,'19:59',174,9),('R1',10,'19:57',174,8),('R1',11,'19:51',174,7),('R1',12,'19:47',174,6),('R1',13,'19:45',174,5),('R1',14,'19:41',174,4),('R1',15,'19:36',174,3),('R1',16,'19:33',174,2),('R1',17,'19:31',174,1),('R1',1,'20:47',175,20),('R1',2,'20:40',175,19),('R1',3,'20:35',175,18),('R1',4,'20:32',175,17),('R1',5,'20:28',175,16),('R1',6,'20:17',175,15),('R1',7,'20:14',175,14),('R1',8,'20:11',175,13),('R1',9,'20:09',175,12),('R1',10,'20:07',175,11),('R1',11,'20:01',175,10),('R1',12,'19:57',175,9),('R1',13,'19:55',175,8),('R1',14,'19:51',175,7),('R1',15,'19:46',175,6),('R1',16,'19:43',175,5),('R1',17,'19:41',175,4),('R1',18,'19:38',175,3),('R1',19,'19:33',175,2),('R1',20,'19:28',175,1),('R1',1,'20:56',176,26),('R1',2,'20:49',176,25),('R1',3,'20:44',176,24),('R1',4,'20:41',176,23),('R1',5,'20:37',176,22),('R1',6,'20:27',176,21),('R1',7,'20:24',176,20),('R1',8,'20:21',176,19),('R1',9,'20:19',176,18),('R1',10,'20:17',176,17),('R1',11,'20:11',176,16),('R1',12,'20:07',176,15),('R1',13,'20:05',176,14),('R1',14,'20:01',176,13),('R1',15,'19:56',176,12),('R1',16,'19:53',176,11),('R1',17,'19:51',176,10),('R1',18,'19:47',176,9),('R1',19,'19:43',176,8),('R1',20,'19:38',176,7),('R1',21,'19:33',176,6),('R1',22,'19:30',176,5),('R1',23,'19:27',176,4),('R1',24,'19:23',176,3),('R1',25,'19:16',176,2),('R1',26,'19:09',176,1),('R1',1,'21:05',177,17),('R1',2,'20:58',177,16),('R1',3,'20:53',177,15),('R1',4,'20:50',177,14),('R1',5,'20:46',177,13),('R1',6,'20:37',177,12),('R1',7,'20:34',177,11),('R1',8,'20:31',177,10),('R1',9,'20:29',177,9),('R1',10,'20:27',177,8),('R1',11,'20:21',177,7),('R1',12,'20:17',177,6),('R1',13,'20:15',177,5),('R1',14,'20:11',177,4),('R1',15,'20:06',177,3),('R1',16,'20:03',177,2),('R1',17,'20:01',177,1),('R1',1,'21:17',178,20),('R1',2,'21:10',178,19),('R1',3,'21:05',178,18),('R1',4,'21:02',178,17),('R1',5,'20:58',178,16),('R1',6,'20:47',178,15),('R1',7,'20:44',178,14),('R1',8,'20:41',178,13),('R1',9,'20:39',178,12),('R1',10,'20:37',178,11),('R1',11,'20:31',178,10),('R1',12,'20:27',178,9),('R1',13,'20:25',178,8),('R1',14,'20:21',178,7),('R1',15,'20:16',178,6),('R1',16,'20:13',178,5),('R1',17,'20:11',178,4),('R1',18,'20:08',178,3),('R1',19,'20:03',178,2),('R1',20,'19:58',178,1),('R1',1,'21:26',179,26),('R1',2,'21:19',179,25),('R1',3,'21:14',179,24),('R1',4,'21:11',179,23),('R1',5,'21:07',179,22),('R1',6,'20:57',179,21),('R1',7,'20:54',179,20),('R1',8,'20:51',179,19),('R1',9,'20:49',179,18),('R1',10,'20:47',179,17),('R1',11,'20:41',179,16),('R1',12,'20:37',179,15),('R1',13,'20:35',179,14),('R1',14,'20:31',179,13),('R1',15,'20:26',179,12),('R1',16,'20:23',179,11),('R1',17,'20:21',179,10),('R1',18,'20:17',179,9),('R1',19,'20:13',179,8),('R1',20,'20:08',179,7),('R1',21,'20:03',179,6),('R1',22,'20:00',179,5),('R1',23,'19:57',179,4),('R1',24,'19:53',179,3),('R1',25,'19:46',179,2),('R1',26,'19:39',179,1),('R1',1,'21:35',180,17),('R1',2,'21:28',180,16),('R1',3,'21:23',180,15),('R1',4,'21:20',180,14),('R1',5,'21:16',180,13),('R1',6,'21:07',180,12),('R1',7,'21:04',180,11),('R1',8,'21:01',180,10),('R1',9,'20:59',180,9),('R1',10,'20:57',180,8),('R1',11,'20:51',180,7),('R1',12,'20:47',180,6),('R1',13,'20:45',180,5),('R1',14,'20:41',180,4),('R1',15,'20:36',180,3),('R1',16,'20:33',180,2),('R1',17,'20:31',180,1),('R1',1,'21:47',181,20),('R1',2,'21:40',181,19),('R1',3,'21:35',181,18),('R1',4,'21:32',181,17),('R1',5,'21:28',181,16),('R1',6,'21:17',181,15),('R1',7,'21:14',181,14),('R1',8,'21:11',181,13),('R1',9,'21:09',181,12),('R1',10,'21:07',181,11),('R1',11,'21:01',181,10),('R1',12,'20:57',181,9),('R1',13,'20:55',181,8),('R1',14,'20:51',181,7),('R1',15,'20:46',181,6),('R1',16,'20:43',181,5),('R1',17,'20:41',181,4),('R1',18,'20:38',181,3),('R1',19,'20:33',181,2),('R1',20,'20:28',181,1),('R1',1,'21:56',182,26),('R1',2,'21:49',182,25),('R1',3,'21:44',182,24),('R1',4,'21:41',182,23),('R1',5,'21:37',182,22),('R1',6,'21:27',182,21),('R1',7,'21:24',182,20),('R1',8,'21:21',182,19),('R1',9,'21:19',182,18),('R1',10,'21:17',182,17),('R1',11,'21:11',182,16),('R1',12,'21:07',182,15),('R1',13,'21:05',182,14),('R1',14,'21:01',182,13),('R1',15,'20:56',182,12),('R1',16,'20:53',182,11),('R1',17,'20:51',182,10),('R1',18,'20:47',182,9),('R1',19,'20:43',182,8),('R1',20,'20:38',182,7),('R1',21,'20:33',182,6),('R1',22,'20:30',182,5),('R1',23,'20:27',182,4),('R1',24,'20:23',182,3),('R1',25,'20:16',182,2),('R1',26,'20:09',182,1),('R1',1,'22:05',183,17),('R1',2,'21:58',183,16),('R1',3,'21:53',183,15),('R1',4,'21:50',183,14),('R1',5,'21:46',183,13),('R1',6,'21:37',183,12),('R1',7,'21:34',183,11),('R1',8,'21:31',183,10),('R1',9,'21:29',183,9),('R1',10,'21:27',183,8),('R1',11,'21:21',183,7),('R1',12,'21:17',183,6),('R1',13,'21:15',183,5),('R1',14,'21:11',183,4),('R1',15,'21:06',183,3),('R1',16,'21:03',183,2),('R1',17,'21:01',183,1),('R1',1,'22:17',184,20),('R1',2,'22:10',184,19),('R1',3,'22:05',184,18),('R1',4,'22:02',184,17),('R1',5,'21:58',184,16),('R1',6,'21:47',184,15),('R1',7,'21:44',184,14),('R1',8,'21:41',184,13),('R1',9,'21:39',184,12),('R1',10,'21:37',184,11),('R1',11,'21:31',184,10),('R1',12,'21:27',184,9),('R1',13,'21:25',184,8),('R1',14,'21:21',184,7),('R1',15,'21:16',184,6),('R1',16,'21:13',184,5),('R1',17,'21:11',184,4),('R1',18,'21:08',184,3),('R1',19,'21:03',184,2),('R1',20,'20:58',184,1),('R1',1,'22:26',185,26),('R1',2,'22:19',185,25),('R1',3,'22:14',185,24),('R1',4,'22:11',185,23),('R1',5,'22:07',185,22),('R1',6,'21:57',185,21),('R1',7,'21:54',185,20),('R1',8,'21:51',185,19),('R1',9,'21:49',185,18),('R1',10,'21:47',185,17),('R1',11,'21:41',185,16),('R1',12,'21:37',185,15),('R1',13,'21:35',185,14),('R1',14,'21:31',185,13),('R1',15,'21:26',185,12),('R1',16,'21:23',185,11),('R1',17,'21:21',185,10),('R1',18,'21:17',185,9),('R1',19,'21:13',185,8),('R1',20,'21:08',185,7),('R1',21,'21:03',185,6),('R1',22,'21:00',185,5),('R1',23,'20:57',185,4),('R1',24,'20:53',185,3),('R1',25,'20:46',185,2),('R1',26,'20:39',185,1),('R1',1,'22:41',186,17),('R1',2,'22:34',186,16),('R1',3,'22:29',186,15),('R1',4,'22:26',186,14),('R1',5,'22:22',186,13),('R1',6,'22:12',186,12),('R1',7,'22:09',186,11),('R1',8,'22:06',186,10),('R1',9,'22:04',186,9),('R1',10,'22:02',186,8),('R1',11,'21:56',186,7),('R1',12,'21:52',186,6),('R1',13,'21:50',186,5),('R1',14,'21:46',186,4),('R1',15,'21:41',186,3),('R1',16,'21:38',186,2),('R1',17,'21:36',186,1),('R1',1,'22:56',187,26),('R1',2,'22:49',187,25),('R1',3,'22:44',187,24),('R1',4,'22:41',187,23),('R1',5,'22:37',187,22),('R1',6,'22:27',187,21),('R1',7,'22:24',187,20),('R1',8,'22:21',187,19),('R1',9,'22:19',187,18),('R1',10,'22:17',187,17),('R1',11,'22:11',187,16),('R1',12,'22:07',187,15),('R1',13,'22:05',187,14),('R1',14,'22:01',187,13),('R1',15,'21:56',187,12),('R1',16,'21:53',187,11),('R1',17,'21:51',187,10),('R1',18,'21:47',187,9),('R1',19,'21:43',187,8),('R1',20,'21:38',187,7),('R1',21,'21:33',187,6),('R1',22,'21:30',187,5),('R1',23,'21:27',187,4),('R1',24,'21:23',187,3),('R1',25,'21:16',187,2),('R1',26,'21:09',187,1),('R1',1,'23:11',188,17),('R1',2,'23:04',188,16),('R1',3,'22:59',188,15),('R1',4,'22:56',188,14),('R1',5,'22:52',188,13),('R1',6,'22:42',188,12),('R1',7,'22:39',188,11),('R1',8,'22:36',188,10),('R1',9,'22:34',188,9),('R1',10,'22:32',188,8),('R1',11,'22:26',188,7),('R1',12,'22:22',188,6),('R1',13,'22:20',188,5),('R1',14,'22:16',188,4),('R1',15,'22:11',188,3),('R1',16,'22:08',188,2),('R1',17,'22:06',188,1),('R1',1,'23:26',189,26),('R1',2,'23:19',189,25),('R1',3,'23:14',189,24),('R1',4,'23:11',189,23),('R1',5,'23:07',189,22),('R1',6,'22:57',189,21),('R1',7,'22:54',189,20),('R1',8,'22:51',189,19),('R1',9,'22:49',189,18),('R1',10,'22:47',189,17),('R1',11,'22:41',189,16),('R1',12,'22:37',189,15),('R1',13,'22:35',189,14),('R1',14,'22:31',189,13),('R1',15,'22:26',189,12),('R1',16,'22:23',189,11),('R1',17,'22:21',189,10),('R1',18,'22:17',189,9),('R1',19,'22:13',189,8),('R1',20,'22:08',189,7),('R1',21,'22:03',189,6),('R1',22,'22:00',189,5),('R1',23,'21:57',189,4),('R1',24,'21:53',189,3),('R1',25,'21:46',189,2),('R1',26,'21:39',189,1),('R1',1,'23:56',190,20),('R1',2,'23:49',190,19),('R1',3,'23:44',190,18),('R1',4,'23:41',190,17),('R1',5,'23:37',190,16),('R1',6,'23:27',190,15),('R1',7,'23:24',190,14),('R1',8,'23:21',190,13),('R1',9,'23:19',190,12),('R1',10,'23:17',190,11),('R1',11,'23:11',190,10),('R1',12,'23:07',190,9),('R1',13,'23:05',190,8),('R1',14,'23:01',190,7),('R1',15,'22:56',190,6),('R1',16,'22:53',190,5),('R1',17,'22:51',190,4),('R1',18,'22:47',190,3),('R1',19,'22:43',190,2),('R1',20,'22:38',190,1),('R3',1,'04:24',191,1),('R3',2,'04:31',191,2),('R3',3,'04:36',191,3),('R3',4,'04:39',191,4),('R3',27,'04:45',191,5),('R3',28,'04:48',191,6),('R3',29,'04:51',191,7),('R3',30,'04:54',191,8),('R3',31,'04:59',191,9),('R3',32,'05:02',191,10),('R3',33,'05:06',191,11),('R3',34,'05:09',191,12),('R3',35,'05:15',191,13),('R3',1,'04:54',192,1),('R3',2,'05:01',192,2),('R3',3,'05:06',192,3),('R3',4,'05:09',192,4),('R3',27,'05:15',192,5),('R3',28,'05:18',192,6),('R3',29,'05:21',192,7),('R3',30,'05:24',192,8),('R3',31,'05:29',192,9),('R3',32,'05:32',192,10),('R3',33,'05:36',192,11),('R3',34,'05:39',192,12),('R3',35,'05:45',192,13),('R3',36,'05:47',192,14),('R3',37,'05:53',192,15),('R3',38,'05:58',192,16),('R3',39,'06:03',192,17),('R3',40,'06:08',192,18),('R3',41,'06:11',192,19),('R3',42,'06:14',192,20),('R3',43,'06:22',192,21),('R3',1,'05:24',193,1),('R3',2,'05:31',193,2),('R3',3,'05:36',193,3),('R3',4,'05:39',193,4),('R3',27,'05:45',193,5),('R3',28,'05:48',193,6),('R3',29,'05:51',193,7),('R3',30,'05:54',193,8),('R3',31,'05:59',193,9),('R3',32,'06:02',193,10),('R3',33,'06:06',193,11),('R3',34,'06:09',193,12),('R3',35,'06:15',193,13),('R3',36,'06:17',193,14),('R3',37,'06:23',193,15),('R3',38,'06:28',193,16),('R3',39,'06:33',193,17),('R3',40,'06:38',193,18),('R3',41,'06:41',193,19),('R3',42,'06:44',193,20),('R3',43,'06:52',193,21),('R3',1,'05:54',194,1),('R3',2,'06:01',194,2),('R3',3,'06:06',194,3),('R3',4,'06:09',194,4),('R3',27,'06:15',194,5),('R3',28,'06:18',194,6),('R3',29,'06:21',194,7),('R3',33,'06:36',194,11),('R3',34,'06:39',194,12),('R3',35,'06:45',194,13),('R3',37,'06:53',194,15),('R3',40,'07:08',194,18),('R3',43,'07:23',194,21),('R3',44,'07:31',194,22),('R3',45,'07:38',194,23),('R3',46,'07:48',194,25),('R3',47,'08:05',194,27),('R3',48,'08:15',194,28),('R3',49,'08:26',194,29),('R3',50,'08:37',194,30),('R3',51,'08:47',194,31),('R3',52,'08:53',194,32),('R3',53,'09:00',194,33),('R3',54,'09:12',194,34),('R3',55,'09:18',194,35),('R3',1,'06:24',195,1),('R3',2,'06:31',195,2),('R3',3,'06:36',195,3),('R3',4,'06:39',195,4),('R3',27,'06:45',195,5),('R3',28,'06:48',195,6),('R3',29,'06:51',195,7),('R3',30,'06:54',195,8),('R3',31,'06:59',195,9),('R3',32,'07:02',195,10),('R3',33,'07:06',195,11),('R3',34,'07:09',195,12),('R3',35,'07:15',195,13),('R3',1,'06:54',196,1),('R3',2,'07:01',196,2),('R3',3,'07:06',196,3),('R3',4,'07:09',196,4),('R3',27,'07:15',196,5),('R3',28,'07:18',196,6),('R3',29,'07:21',196,7),('R3',30,'07:24',196,8),('R3',31,'07:29',196,9),('R3',32,'07:32',196,10),('R3',33,'07:36',196,11),('R3',34,'07:39',196,12),('R3',35,'07:45',196,13),('R3',36,'07:47',196,14),('R3',37,'07:53',196,15),('R3',38,'07:58',196,16),('R3',39,'08:03',196,17),('R3',40,'08:08',196,18),('R3',41,'08:11',196,19),('R3',42,'08:14',196,20),('R3',43,'08:23',196,21),('R3',44,'08:31',196,22),('R3',45,'08:38',196,23),('R3',56,'08:42',196,24),('R3',46,'08:48',196,25),('R3',57,'08:55',196,26),('R3',47,'09:06',196,27),('R3',48,'09:11',196,28),('R3',49,'09:21',196,29),('R3',1,'07:24',197,1),('R3',2,'07:31',197,2),('R3',3,'07:36',197,3),('R3',4,'07:39',197,4),('R3',27,'07:45',197,5),('R3',28,'07:48',197,6),('R3',29,'07:51',197,7),('R3',30,'07:54',197,8),('R3',31,'07:59',197,9),('R3',32,'08:02',197,10),('R3',33,'08:06',197,11),('R3',34,'08:09',197,12),('R3',35,'08:15',197,13),('R3',36,'08:17',197,14),('R3',37,'08:23',197,15),('R3',38,'08:28',197,16),('R3',39,'08:33',197,17),('R3',40,'08:38',197,18),('R3',41,'08:41',197,19),('R3',42,'08:44',197,20),('R3',43,'08:52',197,21),('R3',1,'07:54',198,1),('R3',2,'08:01',198,2),('R3',3,'08:06',198,3),('R3',4,'08:09',198,4),('R3',27,'08:15',198,5),('R3',28,'08:18',198,6),('R3',29,'08:21',198,7),('R3',30,'08:24',198,8),('R3',31,'08:29',198,9),('R3',32,'08:32',198,10),('R3',33,'08:36',198,11),('R3',34,'08:39',198,12),('R3',35,'08:45',198,13),('R3',36,'08:47',198,14),('R3',37,'08:53',198,15),('R3',38,'08:58',198,16),('R3',39,'09:03',198,17),('R3',40,'09:08',198,18),('R3',41,'09:11',198,19),('R3',42,'09:14',198,20),('R3',43,'09:22',198,21),('R3',1,'08:24',199,1),('R3',2,'08:31',199,2),('R3',3,'08:36',199,3),('R3',4,'08:39',199,4),('R3',27,'08:45',199,5),('R3',28,'08:48',199,6),('R3',29,'08:51',199,7),('R3',33,'09:06',199,11),('R3',34,'09:09',199,12),('R3',35,'09:15',199,13),('R3',37,'09:23',199,15),('R3',40,'09:38',199,18),('R3',43,'09:53',199,21),('R3',44,'10:01',199,22),('R3',45,'10:08',199,23),('R3',46,'10:18',199,25),('R3',47,'10:35',199,27),('R3',48,'10:45',199,28),('R3',49,'10:56',199,29),('R3',50,'11:07',199,30),('R3',51,'11:20',199,31),('R3',52,'11:26',199,32),('R3',53,'11:33',199,33),('R3',54,'11:45',199,34),('R3',55,'11:51',199,35),('R3',1,'08:54',200,1),('R3',2,'09:01',200,2),('R3',3,'09:06',200,3),('R3',4,'09:09',200,4),('R3',27,'09:15',200,5),('R3',28,'09:18',200,6),('R3',29,'09:21',200,7),('R3',30,'09:24',200,8),('R3',31,'09:29',200,9),('R3',32,'09:32',200,10),('R3',33,'09:36',200,11),('R3',34,'09:39',200,12),('R3',35,'09:45',200,13),('R3',1,'09:24',201,1),('R3',2,'09:31',201,2),('R3',3,'09:36',201,3),('R3',4,'09:39',201,4),('R3',27,'09:45',201,5),('R3',28,'09:48',201,6),('R3',29,'09:51',201,7),('R3',30,'09:54',201,8),('R3',31,'09:59',201,9),('R3',32,'10:02',201,10),('R3',33,'10:06',201,11),('R3',34,'10:09',201,12),('R3',35,'10:15',201,13),('R3',36,'10:17',201,14),('R3',37,'10:23',201,15),('R3',38,'10:28',201,16),('R3',39,'10:33',201,17),('R3',40,'10:38',201,18),('R3',41,'10:41',201,19),('R3',42,'10:44',201,20),('R3',43,'10:53',201,21),('R3',44,'11:01',201,22),('R3',45,'11:08',201,23),('R3',56,'11:12',201,24),('R3',46,'11:18',201,25),('R3',57,'11:25',201,26),('R3',47,'11:37',201,27),('R3',1,'09:54',202,1),('R3',2,'10:01',202,2),('R3',3,'10:06',202,3),('R3',4,'10:09',202,4),('R3',27,'10:15',202,5),('R3',28,'10:18',202,6),('R3',29,'10:21',202,7),('R3',30,'10:24',202,8),('R3',31,'10:29',202,9),('R3',32,'10:32',202,10),('R3',33,'10:36',202,11),('R3',34,'10:39',202,12),('R3',35,'10:45',202,13),('R3',36,'10:47',202,14),('R3',37,'10:53',202,15),('R3',1,'10:24',203,1),('R3',2,'10:31',203,2),('R3',3,'10:36',203,3),('R3',4,'10:39',203,4),('R3',27,'10:45',203,5),('R3',28,'10:48',203,6),('R3',29,'10:51',203,7),('R3',30,'10:54',203,8),('R3',31,'10:59',203,9),('R3',32,'11:02',203,10),('R3',33,'11:06',203,11),('R3',34,'11:09',203,12),('R3',35,'11:15',203,13),('R3',36,'11:17',203,14),('R3',37,'11:23',203,15),('R3',38,'11:28',203,16),('R3',39,'11:33',203,17),('R3',40,'11:38',203,18),('R3',41,'11:41',203,19),('R3',42,'11:44',203,20),('R3',43,'11:53',203,21),('R3',44,'12:01',203,22),('R3',45,'12:08',203,23),('R3',56,'12:12',203,24),('R3',46,'12:18',203,25),('R3',57,'12:25',203,26),('R3',47,'12:37',203,27),('R3',1,'10:54',204,1),('R3',2,'11:01',204,2),('R3',3,'11:06',204,3),('R3',4,'11:09',204,4),('R3',27,'11:15',204,5),('R3',28,'11:18',204,6),('R3',29,'11:21',204,7),('R3',30,'11:24',204,8),('R3',31,'11:29',204,9),('R3',32,'11:32',204,10),('R3',33,'11:36',204,11),('R3',34,'11:39',204,12),('R3',35,'11:45',204,13),('R3',36,'11:47',204,14),('R3',37,'11:53',204,15),('R3',1,'11:24',205,1),('R3',2,'11:31',205,2),('R3',3,'11:36',205,3),('R3',4,'11:39',205,4),('R3',27,'11:45',205,5),('R3',28,'11:48',205,6),('R3',29,'11:51',205,7),('R3',33,'12:06',205,11),('R3',34,'12:09',205,12),('R3',35,'12:15',205,13),('R3',37,'12:23',205,15),('R3',40,'12:38',205,18),('R3',43,'12:53',205,21),('R3',44,'13:01',205,22),('R3',45,'13:08',205,23),('R3',46,'13:18',205,25),('R3',47,'13:35',205,27),('R3',48,'13:45',205,28),('R3',49,'13:56',205,29),('R3',50,'14:07',205,30),('R3',51,'14:20',205,31),('R3',52,'14:26',205,32),('R3',53,'14:33',205,33),('R3',54,'14:45',205,34),('R3',55,'14:51',205,35),('R3',1,'11:54',206,1),('R3',2,'12:01',206,2),('R3',3,'12:06',206,3),('R3',4,'12:09',206,4),('R3',27,'12:15',206,5),('R3',28,'12:18',206,6),('R3',29,'12:21',206,7),('R3',30,'12:24',206,8),('R3',31,'12:29',206,9),('R3',32,'12:32',206,10),('R3',33,'12:36',206,11),('R3',34,'12:39',206,12),('R3',35,'12:45',206,13),('R3',36,'12:47',206,14),('R3',37,'12:53',206,15),('R3',38,'12:58',206,16),('R3',39,'13:03',206,17),('R3',40,'13:08',206,18),('R3',41,'13:11',206,19),('R3',42,'13:14',206,20),('R3',43,'13:22',206,21),('R3',1,'12:24',207,1),('R3',2,'12:31',207,2),('R3',3,'12:36',207,3),('R3',4,'12:39',207,4),('R3',27,'12:45',207,5),('R3',28,'12:48',207,6),('R3',29,'12:51',207,7),('R3',30,'12:54',207,8),('R3',31,'12:59',207,9),('R3',32,'13:02',207,10),('R3',33,'13:06',207,11),('R3',34,'13:09',207,12),('R3',35,'13:15',207,13),('R3',36,'13:17',207,14),('R3',37,'13:23',207,15),('R3',38,'13:28',207,16),('R3',39,'13:33',207,17),('R3',40,'13:38',207,18),('R3',41,'13:41',207,19),('R3',42,'13:44',207,20),('R3',43,'13:53',207,21),('R3',44,'14:01',207,22),('R3',45,'14:08',207,23),('R3',56,'14:12',207,24),('R3',46,'14:18',207,25),('R3',57,'14:25',207,26),('R3',47,'14:37',207,27),('R3',1,'12:54',208,1),('R3',2,'13:01',208,2),('R3',3,'13:06',208,3),('R3',4,'13:09',208,4),('R3',27,'13:15',208,5),('R3',28,'13:18',208,6),('R3',29,'13:21',208,7),('R3',30,'13:24',208,8),('R3',31,'13:29',208,9),('R3',32,'13:32',208,10),('R3',33,'13:36',208,11),('R3',34,'13:39',208,12),('R3',35,'13:45',208,13),('R3',36,'13:47',208,14),('R3',37,'13:53',208,15),('R3',38,'13:58',208,16),('R3',39,'14:03',208,17),('R3',40,'14:08',208,18),('R3',41,'14:11',208,19),('R3',42,'14:14',208,20),('R3',43,'14:22',208,21),('R3',1,'13:24',209,1),('R3',2,'13:31',209,2),('R3',3,'13:36',209,3),('R3',4,'13:39',209,4),('R3',27,'13:45',209,5),('R3',28,'13:48',209,6),('R3',29,'13:51',209,7),('R3',30,'13:54',209,8),('R3',31,'13:59',209,9),('R3',32,'14:02',209,10),('R3',33,'14:06',209,11),('R3',34,'14:09',209,12),('R3',35,'14:15',209,13),('R3',36,'14:17',209,14),('R3',37,'14:23',209,15),('R3',38,'14:28',209,16),('R3',39,'14:33',209,17),('R3',40,'14:38',209,18),('R3',41,'14:41',209,19),('R3',42,'14:44',209,20),('R3',43,'14:53',209,21),('R3',44,'15:01',209,22),('R3',45,'15:08',209,23),('R3',56,'15:12',209,24),('R3',46,'15:18',209,25),('R3',57,'15:25',209,26),('R3',47,'15:36',209,27),('R3',1,'13:54',210,1),('R3',2,'14:01',210,2),('R3',3,'14:06',210,3),('R3',4,'14:09',210,4),('R3',27,'14:15',210,5),('R3',28,'14:18',210,6),('R3',29,'14:21',210,7),('R3',30,'14:24',210,8),('R3',31,'14:29',210,9),('R3',32,'14:32',210,10),('R3',33,'14:36',210,11),('R3',34,'14:39',210,12),('R3',35,'14:45',210,13),('R3',36,'14:47',210,14),('R3',37,'14:53',210,15),('R3',1,'14:24',211,1),('R3',2,'14:31',211,2),('R3',3,'14:36',211,3),('R3',4,'14:39',211,4),('R3',27,'14:45',211,5),('R3',28,'14:48',211,6),('R3',29,'14:51',211,7),('R3',33,'15:06',211,11),('R3',34,'15:09',211,12),('R3',35,'15:15',211,13),('R3',37,'15:23',211,15),('R3',40,'15:38',211,18),('R3',43,'15:53',211,21),('R3',44,'16:01',211,22),('R3',45,'16:08',211,23),('R3',46,'16:18',211,25),('R3',47,'16:35',211,27),('R3',48,'16:45',211,28),('R3',49,'16:56',211,29),('R3',50,'17:07',211,30),('R3',51,'17:20',211,31),('R3',52,'17:26',211,32),('R3',53,'17:33',211,33),('R3',54,'17:45',211,34),('R3',55,'17:51',211,35),('R3',1,'14:54',212,1),('R3',2,'15:01',212,2),('R3',3,'15:06',212,3),('R3',4,'15:09',212,4),('R3',27,'15:15',212,5),('R3',28,'15:18',212,6),('R3',29,'15:21',212,7),('R3',30,'15:24',212,8),('R3',31,'15:29',212,9),('R3',32,'15:32',212,10),('R3',33,'15:36',212,11),('R3',34,'15:39',212,12),('R3',35,'15:45',212,13),('R3',36,'15:47',212,14),('R3',37,'15:53',212,15),('R3',38,'15:58',212,16),('R3',39,'16:03',212,17),('R3',40,'16:08',212,18),('R3',41,'16:11',212,19),('R3',42,'16:14',212,20),('R3',43,'16:22',212,21),('R3',1,'15:24',213,1),('R3',2,'15:31',213,2),('R3',3,'15:36',213,3),('R3',4,'15:39',213,4),('R3',27,'15:45',213,5),('R3',28,'15:48',213,6),('R3',29,'15:51',213,7),('R3',30,'15:54',213,8),('R3',31,'15:59',213,9),('R3',32,'16:02',213,10),('R3',33,'16:06',213,11),('R3',34,'16:09',213,12),('R3',35,'16:15',213,13),('R3',36,'16:17',213,14),('R3',37,'16:23',213,15),('R3',38,'16:28',213,16),('R3',39,'16:33',213,17),('R3',40,'16:38',213,18),('R3',41,'16:41',213,19),('R3',42,'16:44',213,20),('R3',43,'16:53',213,21),('R3',44,'17:01',213,22),('R3',45,'17:08',213,23),('R3',56,'17:12',213,24),('R3',46,'17:18',213,25),('R3',57,'17:25',213,26),('R3',47,'17:37',213,27),('R3',1,'15:54',214,1),('R3',2,'16:01',214,2),('R3',3,'16:06',214,3),('R3',4,'16:09',214,4),('R3',27,'16:15',214,5),('R3',28,'16:18',214,6),('R3',29,'16:21',214,7),('R3',30,'16:24',214,8),('R3',31,'16:29',214,9),('R3',32,'16:32',214,10),('R3',33,'16:36',214,11),('R3',34,'16:39',214,12),('R3',35,'16:45',214,13),('R3',36,'16:47',214,14),('R3',37,'16:53',214,15),('R3',1,'16:24',215,1),('R3',2,'16:31',215,2),('R3',3,'16:36',215,3),('R3',4,'16:39',215,4),('R3',27,'16:45',215,5),('R3',28,'16:48',215,6),('R3',29,'16:51',215,7),('R3',33,'17:06',215,11),('R3',34,'17:09',215,12),('R3',35,'17:15',215,13),('R3',37,'17:23',215,15),('R3',40,'17:38',215,18),('R3',43,'17:53',215,21),('R3',44,'18:01',215,22),('R3',45,'18:08',215,23),('R3',46,'18:18',215,25),('R3',47,'18:35',215,27),('R3',48,'18:45',215,28),('R3',49,'18:56',215,29),('R3',50,'19:07',215,30),('R3',51,'19:17',215,31),('R3',52,'19:23',215,32),('R3',53,'19:30',215,33),('R3',54,'19:41',215,34),('R3',1,'16:54',216,1),('R3',2,'17:01',216,2),('R3',3,'17:06',216,3),('R3',4,'17:09',216,4),('R3',27,'17:15',216,5),('R3',28,'17:18',216,6),('R3',29,'17:21',216,7),('R3',30,'17:24',216,8),('R3',31,'17:29',216,9),('R3',32,'17:32',216,10),('R3',33,'17:36',216,11),('R3',34,'17:39',216,12),('R3',35,'17:45',216,13),('R3',36,'17:47',216,14),('R3',37,'17:53',216,15),('R3',38,'17:58',216,16),('R3',39,'18:03',216,17),('R3',40,'18:08',216,18),('R3',41,'18:11',216,19),('R3',42,'18:14',216,20),('R3',43,'18:22',216,21),('R3',1,'17:24',217,1),('R3',2,'17:31',217,2),('R3',3,'17:36',217,3),('R3',4,'17:39',217,4),('R3',27,'17:45',217,5),('R3',28,'17:48',217,6),('R3',29,'17:51',217,7),('R3',30,'17:54',217,8),('R3',31,'17:59',217,9),('R3',32,'18:02',217,10),('R3',33,'18:06',217,11),('R3',34,'18:09',217,12),('R3',35,'18:15',217,13),('R3',36,'18:17',217,14),('R3',37,'18:23',217,15),('R3',38,'18:28',217,16),('R3',39,'18:33',217,17),('R3',40,'18:38',217,18),('R3',41,'18:41',217,19),('R3',42,'18:44',217,20),('R3',43,'18:53',217,21),('R3',44,'19:01',217,22),('R3',45,'19:08',217,23),('R3',56,'19:12',217,24),('R3',46,'19:18',217,25),('R3',57,'19:30',217,26),('R3',47,'19:42',217,27),('R3',1,'17:54',218,1),('R3',2,'18:01',218,2),('R3',3,'18:06',218,3),('R3',4,'18:09',218,4),('R3',27,'18:15',218,5),('R3',28,'18:18',218,6),('R3',29,'18:21',218,7),('R3',33,'18:36',218,11),('R3',34,'18:39',218,12),('R3',35,'18:45',218,13),('R3',37,'18:53',218,15),('R3',40,'19:08',218,18),('R3',43,'19:23',218,21),('R3',44,'19:31',218,22),('R3',45,'19:38',218,23),('R3',46,'19:48',218,25),('R3',47,'20:05',218,27),('R3',48,'20:15',218,28),('R3',49,'20:26',218,29),('R3',50,'20:37',218,30),('R3',51,'20:47',218,31),('R3',52,'20:53',218,32),('R3',53,'21:00',218,33),('R3',54,'21:11',218,34),('R3',1,'18:24',219,1),('R3',2,'18:31',219,2),('R3',3,'18:36',219,3),('R3',4,'18:39',219,4),('R3',27,'18:45',219,5),('R3',28,'18:48',219,6),('R3',29,'18:51',219,7),('R3',30,'18:54',219,8),('R3',31,'18:59',219,9),('R3',32,'19:02',219,10),('R3',33,'19:06',219,11),('R3',34,'19:09',219,12),('R3',35,'19:15',219,13),('R3',36,'19:17',219,14),('R3',37,'19:23',219,15),('R3',38,'19:28',219,16),('R3',39,'19:33',219,17),('R3',40,'19:38',219,18),('R3',41,'19:41',219,19),('R3',42,'19:44',219,20),('R3',43,'19:52',219,21),('R3',1,'18:45',220,1),('R3',2,'18:52',220,2),('R3',3,'18:57',220,3),('R3',4,'18:59',220,4),('R3',27,'19:06',220,5),('R3',28,'19:08',220,6),('R3',35,'19:30',220,13),('R3',37,'19:40',220,15),('R3',43,'20:09',220,21),('R3',44,'20:16',220,22),('R3',45,'20:21',220,23),('R3',46,'20:30',220,25),('R3',47,'20:47',220,27),('R3',49,'21:04',220,29),('R3',52,'21:31',220,32),('R3',54,'21:50',220,34),('R3',1,'18:54',221,1),('R3',2,'19:01',221,2),('R3',3,'19:06',221,3),('R3',4,'19:09',221,4),('R3',27,'19:15',221,5),('R3',28,'19:18',221,6),('R3',29,'19:21',221,7),('R3',30,'19:24',221,8),('R3',31,'19:29',221,9),('R3',32,'19:32',221,10),('R3',33,'19:36',221,11),('R3',34,'19:39',221,12),('R3',35,'19:46',221,13),('R3',36,'19:48',221,14),('R3',37,'19:54',221,15),('R3',38,'19:58',221,16),('R3',39,'20:03',221,17),('R3',40,'20:08',221,18),('R3',41,'20:11',221,19),('R3',42,'20:14',221,20),('R3',43,'20:22',221,21),('R3',1,'19:24',222,1),('R3',2,'19:31',222,2),('R3',3,'19:36',222,3),('R3',4,'19:39',222,4),('R3',27,'19:45',222,5),('R3',28,'19:48',222,6),('R3',29,'19:51',222,7),('R3',30,'19:54',222,8),('R3',31,'19:59',222,9),('R3',32,'20:02',222,10),('R3',33,'20:06',222,11),('R3',34,'20:09',222,12),('R3',35,'20:15',222,13),('R3',36,'20:17',222,14),('R3',37,'20:23',222,15),('R3',38,'20:28',222,16),('R3',39,'20:33',222,17),('R3',40,'20:38',222,18),('R3',41,'20:41',222,19),('R3',42,'20:44',222,20),('R3',43,'20:52',222,21),('R3',1,'19:54',223,1),('R3',2,'20:01',223,2),('R3',3,'20:06',223,3),('R3',4,'20:09',223,4),('R3',27,'20:15',223,5),('R3',28,'20:18',223,6),('R3',29,'20:21',223,7),('R3',30,'20:24',223,8),('R3',31,'20:29',223,9),('R3',32,'20:32',223,10),('R3',33,'20:36',223,11),('R3',34,'20:39',223,12),('R3',35,'20:45',223,13),('R3',36,'20:47',223,14),('R3',37,'20:53',223,15),('R3',38,'20:58',223,16),('R3',39,'21:03',223,17),('R3',40,'21:08',223,18),('R3',41,'21:11',223,19),('R3',42,'21:14',223,20),('R3',43,'21:23',223,21),('R3',44,'21:31',223,22),('R3',45,'21:38',223,23),('R3',56,'21:42',223,24),('R3',46,'21:48',223,25),('R3',57,'21:55',223,26),('R3',47,'22:07',223,27),('R3',1,'20:24',224,1),('R3',2,'20:31',224,2),('R3',3,'20:36',224,3),('R3',4,'20:39',224,4),('R3',27,'20:45',224,5),('R3',28,'20:48',224,6),('R3',29,'20:51',224,7),('R3',30,'20:54',224,8),('R3',31,'20:59',224,9),('R3',32,'21:02',224,10),('R3',33,'21:06',224,11),('R3',34,'21:09',224,12),('R3',35,'21:15',224,13),('R3',36,'21:17',224,14),('R3',37,'21:23',224,15),('R3',38,'21:28',224,16),('R3',39,'21:33',224,17),('R3',40,'21:38',224,18),('R3',41,'21:41',224,19),('R3',42,'21:44',224,20),('R3',43,'21:52',224,21),('R3',1,'20:54',225,1),('R3',2,'21:01',225,2),('R3',3,'21:06',225,3),('R3',4,'21:09',225,4),('R3',27,'21:15',225,5),('R3',28,'21:18',225,6),('R3',29,'21:21',225,7),('R3',30,'21:24',225,8),('R3',31,'21:29',225,9),('R3',32,'21:32',225,10),('R3',33,'21:36',225,11),('R3',34,'21:39',225,12),('R3',35,'21:45',225,13),('R3',36,'21:47',225,14),('R3',37,'21:53',225,15),('R3',38,'21:58',225,16),('R3',39,'22:03',225,17),('R3',40,'22:08',225,18),('R3',41,'22:11',225,19),('R3',42,'22:14',225,20),('R3',43,'22:23',225,21),('R3',44,'22:31',225,22),('R3',45,'22:38',225,23),('R3',56,'22:42',225,24),('R3',46,'22:48',225,25),('R3',57,'22:55',225,26),('R3',47,'23:07',225,27),('R3',1,'21:24',226,1),('R3',2,'21:31',226,2),('R3',3,'21:36',226,3),('R3',4,'21:39',226,4),('R3',27,'21:45',226,5),('R3',28,'21:48',226,6),('R3',29,'21:51',226,7),('R3',30,'21:54',226,8),('R3',31,'21:59',226,9),('R3',32,'22:02',226,10),('R3',33,'22:06',226,11),('R3',34,'22:09',226,12),('R3',35,'22:15',226,13),('R3',36,'22:17',226,14),('R3',37,'22:23',226,15),('R3',38,'22:28',226,16),('R3',39,'22:33',226,17),('R3',40,'22:38',226,18),('R3',41,'22:41',226,19),('R3',42,'22:44',226,20),('R3',43,'22:52',226,21),('R3',1,'21:54',227,1),('R3',2,'22:01',227,2),('R3',3,'22:06',227,3),('R3',4,'22:09',227,4),('R3',27,'22:15',227,5),('R3',28,'22:18',227,6),('R3',29,'22:21',227,7),('R3',30,'22:24',227,8),('R3',31,'22:29',227,9),('R3',32,'22:32',227,10),('R3',33,'22:36',227,11),('R3',34,'22:39',227,12),('R3',35,'22:45',227,13),('R3',1,'22:24',228,1),('R3',2,'22:31',228,2),('R3',3,'22:36',228,3),('R3',4,'22:39',228,4),('R3',27,'22:45',228,5),('R3',28,'22:48',228,6),('R3',29,'22:51',228,7),('R3',30,'22:54',228,8),('R3',31,'22:59',228,9),('R3',32,'23:02',228,10),('R3',33,'23:06',228,11),('R3',34,'23:09',228,12),('R3',35,'23:15',228,13),('R3',36,'23:17',228,14),('R3',37,'23:23',228,15),('R3',38,'23:28',228,16),('R3',39,'23:33',228,17),('R3',40,'23:38',228,18),('R3',41,'23:41',228,19),('R3',42,'23:44',228,20),('R3',43,'23:52',228,21),('R3',1,'05:53',229,13),('R3',2,'05:46',229,12),('R3',3,'05:41',229,11),('R3',4,'05:38',229,10),('R3',27,'05:32',229,9),('R3',28,'05:29',229,8),('R3',29,'05:26',229,7),('R3',30,'05:23',229,6),('R3',31,'05:18',229,5),('R3',32,'05:15',229,4),('R3',33,'05:12',229,3),('R3',34,'05:08',229,2),('R3',35,'05:00',229,1),('R3',1,'06:23',230,13),('R3',2,'06:16',230,12),('R3',3,'06:11',230,11),('R3',4,'06:08',230,10),('R3',27,'06:02',230,9),('R3',28,'05:59',230,8),('R3',29,'05:56',230,7),('R3',30,'05:53',230,6),('R3',31,'05:48',230,5),('R3',32,'05:45',230,4),('R3',33,'05:42',230,3),('R3',34,'05:38',230,2),('R3',35,'05:30',230,1),('R3',1,'06:53',231,21),('R3',2,'06:46',231,20),('R3',3,'06:41',231,19),('R3',4,'06:38',231,18),('R3',27,'06:32',231,17),('R3',28,'06:29',231,16),('R3',29,'06:26',231,15),('R3',30,'06:23',231,14),('R3',31,'06:18',231,13),('R3',32,'06:15',231,12),('R3',33,'06:12',231,11),('R3',34,'06:08',231,10),('R3',35,'06:01',231,9),('R3',36,'05:58',231,8),('R3',37,'05:52',231,7),('R3',38,'05:47',231,6),('R3',39,'05:42',231,5),('R3',40,'05:37',231,4),('R3',41,'05:34',231,3),('R3',42,'05:31',231,2),('R3',43,'05:24',231,1),('R3',1,'07:23',232,21),('R3',2,'07:16',232,20),('R3',3,'07:11',232,19),('R3',4,'07:08',232,18),('R3',27,'07:02',232,17),('R3',28,'06:59',232,16),('R3',29,'06:56',232,15),('R3',30,'06:53',232,14),('R3',31,'06:48',232,13),('R3',32,'06:45',232,12),('R3',33,'06:42',232,11),('R3',34,'06:38',232,10),('R3',35,'06:31',232,9),('R3',36,'06:28',232,8),('R3',37,'06:22',232,7),('R3',38,'06:17',232,6),('R3',39,'06:12',232,5),('R3',40,'06:07',232,4),('R3',41,'06:04',232,3),('R3',42,'06:01',232,2),('R3',43,'05:54',232,1),('R3',1,'07:53',233,27),('R3',2,'07:46',233,26),('R3',3,'07:41',233,25),('R3',4,'07:38',233,24),('R3',27,'07:32',233,23),('R3',28,'07:29',233,22),('R3',29,'07:26',233,21),('R3',30,'07:23',233,20),('R3',31,'07:18',233,19),('R3',32,'07:15',233,18),('R3',33,'07:12',233,17),('R3',34,'07:08',233,16),('R3',35,'07:01',233,15),('R3',36,'06:58',233,14),('R3',37,'06:52',233,13),('R3',38,'06:47',233,12),('R3',39,'06:42',233,11),('R3',40,'06:37',233,10),('R3',41,'06:34',233,9),('R3',42,'06:31',233,8),('R3',43,'06:23',233,7),('R3',44,'06:15',233,6),('R3',45,'06:06',233,5),('R3',56,'06:02',233,4),('R3',46,'05:56',233,3),('R3',57,'05:50',233,2),('R3',47,'05:39',233,1),('R3',1,'08:23',234,21),('R3',2,'08:16',234,20),('R3',3,'08:11',234,19),('R3',4,'08:08',234,18),('R3',27,'08:02',234,17),('R3',28,'07:59',234,16),('R3',29,'07:56',234,15),('R3',30,'07:53',234,14),('R3',31,'07:48',234,13),('R3',32,'07:45',234,12),('R3',33,'07:42',234,11),('R3',34,'07:38',234,10),('R3',35,'07:31',234,9),('R3',36,'07:28',234,8),('R3',37,'07:22',234,7),('R3',38,'07:17',234,6),('R3',39,'07:12',234,5),('R3',40,'07:07',234,4),('R3',41,'07:04',234,3),('R3',42,'07:01',234,2),('R3',43,'06:54',234,1),('R3',1,'08:32',235,34),('R3',2,'08:25',235,33),('R3',3,'08:20',235,32),('R3',4,'08:17',235,31),('R3',27,'08:11',235,30),('R3',28,'08:08',235,29),('R3',35,'07:45',235,22),('R3',37,'07:36',235,20),('R3',43,'07:05',235,14),('R3',44,'06:57',235,13),('R3',45,'06:50',235,12),('R3',46,'06:42',235,10),('R3',47,'06:29',235,8),('R3',49,'06:11',235,6),('R3',52,'05:44',235,3),('R3',54,'05:24',235,1),('R3',1,'08:53',236,21),('R3',2,'08:46',236,20),('R3',3,'08:41',236,19),('R3',4,'08:38',236,18),('R3',27,'08:32',236,17),('R3',28,'08:29',236,16),('R3',29,'08:26',236,15),('R3',30,'08:23',236,14),('R3',31,'08:18',236,13),('R3',32,'08:15',236,12),('R3',33,'08:12',236,11),('R3',34,'08:08',236,10),('R3',35,'08:01',236,9),('R3',36,'07:58',236,8),('R3',37,'07:52',236,7),('R3',38,'07:47',236,6),('R3',39,'07:42',236,5),('R3',40,'07:37',236,4),('R3',41,'07:34',236,3),('R3',42,'07:31',236,2),('R3',43,'07:24',236,1),('R3',1,'09:23',237,27),('R3',2,'09:16',237,26),('R3',3,'09:11',237,25),('R3',4,'09:08',237,24),('R3',27,'09:02',237,23),('R3',28,'08:59',237,22),('R3',29,'08:56',237,21),('R3',30,'08:53',237,20),('R3',31,'08:48',237,19),('R3',32,'08:45',237,18),('R3',33,'08:42',237,17),('R3',34,'08:38',237,16),('R3',35,'08:31',237,15),('R3',36,'08:28',237,14),('R3',37,'08:22',237,13),('R3',38,'08:17',237,12),('R3',39,'08:12',237,11),('R3',40,'08:07',237,10),('R3',41,'08:04',237,9),('R3',42,'08:01',237,8),('R3',43,'07:54',237,7),('R3',44,'07:46',237,6),('R3',45,'07:37',237,5),('R3',56,'07:33',237,4),('R3',46,'07:27',237,3),('R3',57,'07:21',237,2),('R3',47,'07:10',237,1),('R3',1,'09:53',239,21),('R3',2,'09:46',239,20),('R3',3,'09:41',239,19),('R3',4,'09:38',239,18),('R3',27,'09:32',239,17),('R3',28,'09:29',239,16),('R3',29,'09:26',239,15),('R3',30,'09:23',239,14),('R3',31,'09:18',239,13),('R3',32,'09:15',239,12),('R3',33,'09:12',239,11),('R3',34,'09:08',239,10),('R3',35,'09:01',239,9),('R3',36,'08:58',239,8),('R3',37,'08:52',239,7),('R3',38,'08:47',239,6),('R3',39,'08:42',239,5),('R3',40,'08:37',239,4),('R3',41,'08:34',239,3),('R3',42,'08:31',239,2),('R3',43,'08:24',239,1),('R3',1,'10:23',240,34),('R3',2,'10:16',240,33),('R3',3,'10:11',240,32),('R3',4,'10:08',240,31),('R3',27,'10:02',240,30),('R3',28,'09:59',240,29),('R3',29,'09:56',240,28),('R3',33,'09:42',240,24),('R3',34,'09:38',240,23),('R3',35,'09:31',240,22),('R3',37,'09:22',240,20),('R3',40,'09:07',240,17),('R3',43,'08:54',240,14),('R3',44,'08:46',240,13),('R3',45,'08:37',240,12),('R3',46,'08:27',240,10),('R3',47,'08:09',240,8),('R3',48,'08:02',240,7),('R3',49,'07:50',240,6),('R3',50,'07:39',240,5),('R3',51,'07:28',240,4),('R3',52,'07:23',240,3),('R3',53,'07:12',240,2),('R3',54,'07:03',240,1),('R3',1,'10:53',241,13),('R3',2,'10:46',241,12),('R3',3,'10:41',241,11),('R3',4,'10:38',241,10),('R3',27,'10:32',241,9),('R3',28,'10:29',241,8),('R3',29,'10:26',241,7),('R3',30,'10:23',241,6),('R3',31,'10:18',241,5),('R3',32,'10:15',241,4),('R3',33,'10:12',241,3),('R3',34,'10:08',241,2),('R3',35,'10:00',241,1),('R3',1,'11:23',242,21),('R3',2,'11:16',242,20),('R3',3,'11:11',242,19),('R3',4,'11:08',242,18),('R3',27,'11:02',242,17),('R3',28,'10:59',242,16),('R3',29,'10:56',242,15),('R3',30,'10:53',242,14),('R3',31,'10:48',242,13),('R3',32,'10:45',242,12),('R3',33,'10:42',242,11),('R3',34,'10:38',242,10),('R3',35,'10:31',242,9),('R3',36,'10:28',242,8),('R3',37,'10:22',242,7),('R3',38,'10:17',242,6),('R3',39,'10:12',242,5),('R3',40,'10:07',242,4),('R3',41,'10:04',242,3),('R3',42,'10:01',242,2),('R3',43,'09:54',242,1),('R3',1,'11:53',243,35),('R3',2,'11:46',243,34),('R3',3,'11:41',243,33),('R3',4,'11:38',243,32),('R3',27,'11:32',243,31),('R3',28,'11:29',243,30),('R3',29,'11:26',243,29),('R3',33,'11:12',243,25),('R3',34,'11:08',243,24),('R3',35,'11:01',243,23),('R3',37,'10:52',243,21),('R3',40,'10:37',243,18),('R3',43,'10:24',243,15),('R3',44,'10:16',243,14),('R3',45,'10:07',243,13),('R3',46,'09:58',243,11),('R3',47,'09:41',243,9),('R3',48,'09:34',243,8),('R3',49,'09:19',243,7),('R3',50,'09:10',243,6),('R3',51,'08:59',243,5),('R3',52,'08:52',243,4),('R3',53,'08:41',243,3),('R3',54,'08:32',243,2),('R3',55,'08:25',243,1),('R3',1,'12:23',244,15),('R3',2,'12:16',244,14),('R3',3,'12:11',244,13),('R3',4,'12:08',244,12),('R3',27,'12:02',244,11),('R3',28,'11:59',244,10),('R3',29,'11:56',244,9),('R3',30,'11:53',244,8),('R3',31,'11:48',244,7),('R3',32,'11:45',244,6),('R3',33,'11:42',244,5),('R3',34,'11:38',244,4),('R3',35,'11:31',244,3),('R3',36,'11:28',244,2),('R3',37,'11:23',244,1),('R3',1,'12:53',245,29),('R3',2,'12:46',245,28),('R3',3,'12:41',245,27),('R3',4,'12:38',245,26),('R3',27,'12:32',245,25),('R3',28,'12:29',245,24),('R3',29,'12:26',245,23),('R3',30,'12:23',245,22),('R3',31,'12:18',245,21),('R3',32,'12:15',245,20),('R3',33,'12:12',245,19),('R3',34,'12:08',245,18),('R3',35,'12:01',245,17),('R3',36,'11:58',245,16),('R3',37,'11:52',245,15),('R3',38,'11:47',245,14),('R3',39,'11:42',245,13),('R3',40,'11:37',245,12),('R3',41,'11:34',245,11),('R3',42,'11:31',245,10),('R3',43,'11:24',245,9),('R3',44,'11:16',245,8),('R3',45,'11:07',245,7),('R3',56,'11:03',245,6),('R3',46,'10:57',245,5),('R3',57,'10:51',245,4),('R3',47,'10:39',245,3),('R3',48,'10:32',245,2),('R3',49,'10:21',245,1),('R3',1,'13:23',246,15),('R3',2,'13:16',246,14),('R3',3,'13:11',246,13),('R3',4,'13:08',246,12),('R3',27,'13:02',246,11),('R3',28,'12:59',246,10),('R3',29,'12:56',246,9),('R3',30,'12:53',246,8),('R3',31,'12:48',246,7),('R3',32,'12:45',246,6),('R3',33,'12:42',246,5),('R3',34,'12:38',246,4),('R3',35,'12:31',246,3),('R3',36,'12:28',246,2),('R3',37,'12:23',246,1),('R3',1,'13:53',247,35),('R3',2,'13:46',247,34),('R3',3,'13:41',247,33),('R3',4,'13:38',247,32),('R3',27,'13:32',247,31),('R3',28,'13:29',247,30),('R3',29,'13:26',247,29),('R3',33,'13:12',247,25),('R3',34,'13:08',247,24),('R3',35,'13:01',247,23),('R3',37,'12:52',247,21),('R3',40,'12:37',247,18),('R3',43,'12:24',247,15),('R3',44,'12:16',247,14),('R3',45,'12:07',247,13),('R3',46,'11:58',247,11),('R3',47,'11:40',247,9),('R3',48,'11:33',247,8),('R3',49,'11:21',247,7),('R3',50,'11:10',247,6),('R3',51,'10:59',247,5),('R3',52,'10:52',247,4),('R3',53,'10:41',247,3),('R3',54,'10:32',247,2),('R3',55,'10:25',247,1),('R3',1,'14:23',248,21),('R3',2,'14:16',248,20),('R3',3,'14:11',248,19),('R3',4,'14:08',248,18),('R3',27,'14:02',248,17),('R3',28,'13:59',248,16),('R3',29,'13:56',248,15),('R3',30,'13:53',248,14),('R3',31,'13:48',248,13),('R3',32,'13:45',248,12),('R3',33,'13:42',248,11),('R3',34,'13:38',248,10),('R3',35,'13:31',248,9),('R3',36,'13:28',248,8),('R3',37,'13:22',248,7),('R3',38,'13:17',248,6),('R3',39,'13:12',248,5),('R3',40,'13:07',248,4),('R3',41,'13:04',248,3),('R3',42,'13:01',248,2),('R3',43,'12:54',248,1),('R3',1,'14:53',249,27),('R3',2,'14:46',249,26),('R3',3,'14:41',249,25),('R3',4,'14:38',249,24),('R3',27,'14:32',249,23),('R3',28,'14:29',249,22),('R3',29,'14:26',249,21),('R3',30,'14:23',249,20),('R3',31,'14:18',249,19),('R3',32,'14:15',249,18),('R3',33,'14:12',249,17),('R3',34,'14:08',249,16),('R3',35,'14:01',249,15),('R3',36,'13:58',249,14),('R3',37,'13:52',249,13),('R3',38,'13:47',249,12),('R3',39,'13:42',249,11),('R3',40,'13:37',249,10),('R3',41,'13:34',249,9),('R3',42,'13:31',249,8),('R3',43,'13:24',249,7),('R3',44,'13:16',249,6),('R3',45,'13:07',249,5),('R3',56,'13:02',249,4),('R3',46,'12:56',249,3),('R3',57,'12:50',249,2),('R3',47,'12:39',249,1),('R3',1,'15:23',250,21),('R3',2,'15:16',250,20),('R3',3,'15:11',250,19),('R3',4,'15:08',250,18),('R3',27,'15:02',250,17),('R3',28,'14:59',250,16),('R3',29,'14:56',250,15),('R3',30,'14:53',250,14),('R3',31,'14:48',250,13),('R3',32,'14:45',250,12),('R3',33,'14:42',250,11),('R3',34,'14:38',250,10),('R3',35,'14:31',250,9),('R3',36,'14:28',250,8),('R3',37,'14:22',250,7),('R3',38,'14:17',250,6),('R3',39,'14:12',250,5),('R3',40,'14:07',250,4),('R3',41,'14:04',250,3),('R3',42,'14:01',250,2),('R3',43,'13:54',250,1),('R3',1,'15:53',251,27),('R3',2,'15:46',251,26),('R3',3,'15:41',251,25),('R3',4,'15:38',251,24),('R3',27,'15:32',251,23),('R3',28,'15:29',251,22),('R3',29,'15:26',251,21),('R3',30,'15:23',251,20),('R3',31,'15:18',251,19),('R3',32,'15:15',251,18),('R3',33,'15:12',251,17),('R3',34,'15:08',251,16),('R3',35,'15:01',251,15),('R3',36,'14:58',251,14),('R3',37,'14:52',251,13),('R3',38,'14:47',251,12),('R3',39,'14:42',251,11),('R3',40,'14:37',251,10),('R3',41,'14:34',251,9),('R3',42,'14:31',251,8),('R3',43,'14:24',251,7),('R3',44,'14:16',251,6),('R3',45,'14:07',251,5),('R3',56,'14:02',251,4),('R3',46,'13:56',251,3),('R3',57,'13:50',251,2),('R3',47,'13:39',251,1),('R3',1,'16:23',252,15),('R3',2,'16:16',252,14),('R3',3,'16:11',252,13),('R3',4,'16:08',252,12),('R3',27,'16:02',252,11),('R3',28,'15:59',252,10),('R3',29,'15:56',252,9),('R3',30,'15:53',252,8),('R3',31,'15:48',252,7),('R3',32,'15:45',252,6),('R3',33,'15:42',252,5),('R3',34,'15:38',252,4),('R3',35,'15:31',252,3),('R3',36,'15:28',252,2),('R3',37,'15:23',252,1),('R3',1,'16:53',253,35),('R3',2,'16:46',253,34),('R3',3,'16:41',253,33),('R3',4,'16:38',253,32),('R3',27,'16:32',253,31),('R3',28,'16:29',253,30),('R3',29,'16:26',253,29),('R3',33,'16:12',253,25),('R3',34,'16:08',253,24),('R3',35,'16:01',253,23),('R3',37,'15:52',253,21),('R3',40,'15:37',253,18),('R3',43,'15:24',253,15),('R3',44,'15:16',253,14),('R3',45,'15:07',253,13),('R3',46,'14:58',253,11),('R3',47,'14:40',253,9),('R3',48,'14:33',253,8),('R3',49,'14:21',253,7),('R3',50,'14:10',253,6),('R3',51,'13:59',253,5),('R3',52,'13:52',253,4),('R3',53,'13:41',253,3),('R3',54,'13:32',253,2),('R3',55,'13:25',253,1),('R3',1,'17:23',254,21),('R3',2,'17:16',254,20),('R3',3,'17:11',254,19),('R3',4,'17:08',254,18),('R3',27,'17:02',254,17),('R3',28,'16:59',254,16),('R3',29,'16:56',254,15),('R3',30,'16:53',254,14),('R3',31,'16:48',254,13),('R3',32,'16:45',254,12),('R3',33,'16:42',254,11),('R3',34,'16:38',254,10),('R3',35,'16:31',254,9),('R3',36,'16:28',254,8),('R3',37,'16:22',254,7),('R3',38,'16:17',254,6),('R3',39,'16:12',254,5),('R3',40,'16:07',254,4),('R3',41,'16:04',254,3),('R3',42,'16:01',254,2),('R3',43,'15:54',254,1),('R3',1,'17:53',255,27),('R3',2,'17:46',255,26),('R3',3,'17:41',255,25),('R3',4,'17:38',255,24),('R3',27,'17:32',255,23),('R3',28,'17:29',255,22),('R3',29,'17:26',255,21),('R3',30,'17:23',255,20),('R3',31,'17:18',255,19),('R3',32,'17:15',255,18),('R3',33,'17:12',255,17),('R3',34,'17:08',255,16),('R3',35,'17:01',255,15),('R3',36,'16:58',255,14),('R3',37,'16:52',255,13),('R3',38,'16:47',255,12),('R3',39,'16:42',255,11),('R3',40,'16:37',255,10),('R3',41,'16:34',255,9),('R3',42,'16:31',255,8),('R3',43,'16:24',255,7),('R3',44,'16:16',255,6),('R3',45,'16:07',255,5),('R3',56,'16:02',255,4),('R3',46,'15:56',255,3),('R3',57,'15:50',255,2),('R3',47,'15:39',255,1),('R3',1,'18:23',256,15),('R3',2,'18:16',256,14),('R3',3,'18:11',256,13),('R3',4,'18:08',256,12),('R3',27,'18:02',256,11),('R3',28,'17:59',256,10),('R3',29,'17:56',256,9),('R3',30,'17:53',256,8),('R3',31,'17:48',256,7),('R3',32,'17:45',256,6),('R3',33,'17:42',256,5),('R3',34,'17:38',256,4),('R3',35,'17:31',256,3),('R3',36,'17:28',256,2),('R3',37,'17:23',256,1),('R3',1,'18:53',257,27),('R3',2,'18:46',257,26),('R3',3,'18:41',257,25),('R3',4,'18:38',257,24),('R3',27,'18:32',257,23),('R3',28,'18:29',257,22),('R3',29,'18:26',257,21),('R3',30,'18:23',257,20),('R3',31,'18:18',257,19),('R3',32,'18:15',257,18),('R3',33,'18:12',257,17),('R3',34,'18:08',257,16),('R3',35,'18:01',257,15),('R3',36,'17:58',257,14),('R3',37,'17:52',257,13),('R3',38,'17:47',257,12),('R3',39,'17:42',257,11),('R3',40,'17:37',257,10),('R3',41,'17:34',257,9),('R3',42,'17:31',257,8),('R3',43,'17:24',257,7),('R3',44,'17:16',257,6),('R3',45,'17:07',257,5),('R3',56,'17:03',257,4),('R3',46,'16:57',257,3),('R3',57,'16:51',257,2),('R3',47,'16:39',257,1),('R3',1,'19:23',259,21),('R3',2,'19:16',259,20),('R3',3,'19:11',259,19),('R3',4,'19:08',259,18),('R3',27,'19:02',259,17),('R3',28,'18:59',259,16),('R3',29,'18:56',259,15),('R3',30,'18:53',259,14),('R3',31,'18:48',259,13),('R3',32,'18:45',259,12),('R3',33,'18:42',259,11),('R3',34,'18:38',259,10),('R3',35,'18:31',259,9),('R3',36,'18:28',259,8),('R3',37,'18:22',259,7),('R3',38,'18:17',259,6),('R3',39,'18:12',259,5),('R3',40,'18:07',259,4),('R3',41,'18:04',259,3),('R3',42,'18:01',259,2),('R3',43,'17:54',259,1),('R3',1,'19:53',260,35),('R3',2,'19:46',260,34),('R3',3,'19:41',260,33),('R3',4,'19:38',260,32),('R3',27,'19:32',260,31),('R3',28,'19:29',260,30),('R3',29,'19:26',260,29),('R3',33,'19:12',260,25),('R3',34,'19:08',260,24),('R3',35,'19:01',260,23),('R3',37,'18:52',260,21),('R3',40,'18:37',260,18),('R3',43,'18:24',260,15),('R3',44,'18:16',260,14),('R3',45,'18:07',260,13),('R3',46,'17:58',260,11),('R3',47,'17:40',260,9),('R3',48,'17:33',260,8),('R3',49,'17:21',260,7),('R3',50,'17:10',260,6),('R3',51,'16:59',260,5),('R3',52,'16:52',260,4),('R3',53,'16:41',260,3),('R3',54,'16:32',260,2),('R3',55,'16:25',260,1),('R3',1,'20:23',261,21),('R3',2,'20:16',261,20),('R3',3,'20:11',261,19),('R3',4,'20:08',261,18),('R3',27,'20:02',261,17),('R3',28,'19:59',261,16),('R3',29,'19:56',261,15),('R3',30,'19:53',261,14),('R3',31,'19:48',261,13),('R3',32,'19:45',261,12),('R3',33,'19:42',261,11),('R3',34,'19:39',261,10),('R3',35,'19:31',261,9),('R3',36,'19:28',261,8),('R3',37,'19:22',261,7),('R3',38,'19:17',261,6),('R3',39,'19:12',261,5),('R3',40,'19:07',261,4),('R3',41,'19:04',261,3),('R3',42,'19:01',261,2),('R3',43,'18:54',261,1),('R3',1,'20:53',262,13),('R3',2,'20:46',262,12),('R3',3,'20:41',262,11),('R3',4,'20:38',262,10),('R3',27,'20:32',262,9),('R3',28,'20:29',262,8),('R3',29,'20:26',262,7),('R3',30,'20:23',262,6),('R3',31,'20:18',262,5),('R3',32,'20:15',262,4),('R3',33,'20:12',262,3),('R3',34,'20:08',262,2),('R3',35,'20:00',262,1),('R3',1,'21:23',263,27),('R3',2,'21:16',263,26),('R3',3,'21:11',263,25),('R3',4,'21:08',263,24),('R3',27,'21:02',263,23),('R3',28,'20:59',263,22),('R3',29,'20:56',263,21),('R3',30,'20:53',263,20),('R3',31,'20:48',263,19),('R3',32,'20:45',263,18),('R3',33,'20:42',263,17),('R3',34,'20:38',263,16),('R3',35,'20:31',263,15),('R3',36,'20:28',263,14),('R3',37,'20:22',263,13),('R3',38,'20:17',263,12),('R3',39,'20:12',263,11),('R3',40,'20:07',263,10),('R3',41,'20:04',263,9),('R3',42,'20:01',263,8),('R3',43,'19:54',263,7),('R3',44,'19:46',263,6),('R3',45,'19:37',263,5),('R3',56,'19:32',263,4),('R3',46,'19:24',263,3),('R3',57,'19:18',263,2),('R3',47,'19:07',263,1),('R3',1,'21:53',264,21),('R3',2,'21:46',264,20),('R3',3,'21:41',264,19),('R3',4,'21:38',264,18),('R3',27,'21:32',264,17),('R3',28,'21:29',264,16),('R3',29,'21:26',264,15),('R3',30,'21:23',264,14),('R3',31,'21:18',264,13),('R3',32,'21:15',264,12),('R3',33,'21:12',264,11),('R3',34,'21:08',264,10),('R3',35,'21:01',264,9),('R3',36,'20:58',264,8),('R3',37,'20:52',264,7),('R3',38,'20:47',264,6),('R3',39,'20:42',264,5),('R3',40,'20:37',264,4),('R3',41,'20:34',264,3),('R3',42,'20:31',264,2),('R3',43,'20:24',264,1),('R3',1,'22:23',265,35),('R3',2,'22:16',265,34),('R3',3,'22:11',265,33),('R3',4,'22:08',265,32),('R3',27,'22:02',265,31),('R3',28,'21:59',265,30),('R3',29,'21:56',265,29),('R3',33,'21:42',265,25),('R3',34,'21:38',265,24),('R3',35,'21:31',265,23),('R3',37,'21:22',265,21),('R3',40,'21:07',265,18),('R3',43,'20:54',265,15),('R3',44,'20:46',265,14),('R3',45,'20:38',265,13),('R3',46,'20:28',265,11),('R3',47,'20:08',265,9),('R3',48,'20:01',265,8),('R3',49,'19:49',265,7),('R3',50,'19:40',265,6),('R3',51,'19:29',265,5),('R3',52,'19:22',265,4),('R3',53,'19:11',265,3),('R3',54,'19:02',265,2),('R3',55,'18:55',265,1),('R3',1,'22:53',266,21),('R3',2,'22:46',266,20),('R3',3,'22:41',266,19),('R3',4,'22:38',266,18),('R3',27,'22:32',266,17),('R3',28,'22:29',266,16),('R3',29,'22:26',266,15),('R3',30,'22:23',266,14),('R3',31,'22:18',266,13),('R3',32,'22:15',266,12),('R3',33,'22:12',266,11),('R3',34,'22:08',266,10),('R3',35,'22:01',266,9),('R3',36,'21:58',266,8),('R3',37,'21:52',266,7),('R3',38,'21:47',266,6),('R3',39,'21:42',266,5),('R3',40,'21:37',266,4),('R3',41,'21:34',266,3),('R3',42,'21:31',266,2),('R3',43,'21:24',266,1),('R3',1,'23:23',267,27),('R3',2,'23:16',267,26),('R3',3,'23:11',267,25),('R3',4,'23:08',267,24),('R3',27,'23:02',267,23),('R3',28,'22:59',267,22),('R3',29,'22:56',267,21),('R3',30,'22:53',267,20),('R3',31,'22:48',267,19),('R3',32,'22:45',267,18),('R3',33,'22:42',267,17),('R3',34,'22:38',267,16),('R3',35,'22:31',267,15),('R3',36,'22:28',267,14),('R3',37,'22:22',267,13),('R3',38,'22:17',267,12),('R3',39,'22:12',267,11),('R3',40,'22:07',267,10),('R3',41,'22:04',267,9),('R3',42,'22:01',267,8),('R3',43,'21:54',267,7),('R3',44,'21:46',267,6),('R3',45,'21:37',267,5),('R3',56,'21:32',267,4),('R3',46,'21:26',267,3),('R3',57,'21:20',267,2),('R3',47,'21:09',267,1),('R3',1,'23:53',268,21),('R3',2,'23:46',268,20),('R3',3,'23:41',268,19),('R3',4,'23:38',268,18),('R3',27,'23:32',268,17),('R3',28,'23:29',268,16),('R3',29,'23:26',268,15),('R3',30,'23:23',268,14),('R3',31,'23:18',268,13),('R3',32,'23:15',268,12),('R3',33,'23:12',268,11),('R3',34,'23:08',268,10),('R3',35,'23:01',268,9),('R3',36,'22:58',268,8),('R3',37,'22:52',268,7),('R3',38,'22:47',268,6),('R3',39,'22:42',268,5),('R3',40,'22:37',268,4),('R3',41,'22:34',268,3),('R3',42,'22:31',268,2),('R3',43,'22:24',268,1),('R4',58,'05:00',269,1),('R4',59,'05:06',269,2),('R4',60,'05:11',269,3),('R4',61,'05:16',269,4),('R4',62,'05:22',269,5),('R4',63,'05:31',269,7),('R4',64,'05:35',269,8),('R4',65,'05:40',269,9),('R4',66,'05:48',269,10),('R4',67,'05:54',269,11),('R4',68,'06:02',269,12),('R4',69,'06:06',269,13),('R4',70,'06:11',269,14),('R4',71,'06:15',269,15),('R4',72,'06:17',269,16),('R4',2,'06:21',269,17),('R4',3,'06:28',269,18),('R4',4,'06:33',269,19),('R4',28,'06:36',269,20),('R4',29,'06:42',269,21),('R4',30,'06:45',269,22),('R4',73,'06:48',269,23),('R4',74,'06:50',269,24),('R4',75,'06:53',269,25),('R4',76,'06:57',269,26),('R4',77,'07:00',269,27),('R4',78,'07:03',269,28),('R4',79,'07:07',269,29),('R4',80,'07:10',269,30),('R4',81,'07:13',269,31),('R4',82,'07:17',269,32),('R4',83,'07:21',269,33),('R4',84,'07:25',269,34),('R4',85,'07:27',269,35),('R4',86,'07:33',269,36),('R4',27,'07:36',269,37),('R4',87,'07:41',269,38),('R4',88,'07:48',269,39),('R4',89,'07:57',269,40);
/*!40000 ALTER TABLE `schedules` ENABLE KEYS */;
UNLOCK TABLES;

--
-- Table structure for table `stations`
--

DROP TABLE IF EXISTS `stations`;
/*!40101 SET @saved_cs_client     = @@character_set_client */;
/*!50503 SET character_set_client = utf8mb4 */;
CREATE TABLE `stations` (
  `id` int NOT NULL AUTO_INCREMENT,
  `name` varchar(50) NOT NULL,
  PRIMARY KEY (`id`)
) ENGINE=InnoDB AUTO_INCREMENT=90 DEFAULT CHARSET=utf8mb4;
/*!40101 SET character_set_client = @saved_cs_client */;

--
-- Dumping data for table `stations`
--

LOCK TABLES `stations` WRITE;
/*!40000 ALTER TABLE `stations` DISABLE KEYS */;
INSERT INTO `stations` VALUES (1,'LHospitalet de Llobregat'),(2,'Barcelona Sants'),(3,'Barcelona Pl.Catalunya'),(4,'Barcelona Arc de Triomf'),(5,'Barcelona El Clot Arag'),(6,'St.Adri de Bess'),(7,'Badalona'),(8,'Montgat'),(9,'Montgat Nord'),(10,'El Masnou'),(11,'Premi de Mar'),(12,'Vilassar de Mar'),(13,'Cabrera de Mar - Vilassar de Mar'),(14,'Matar'),(15,'St.Andreu de Llavaneres'),(16,'Caldes dEstrac'),(17,'Arenys de Mar'),(18,'Canet de Mar'),(19,'St.Pol de Mar'),(20,'Calella'),(21,'Pineda de mar'),(22,'Santa Susanna'),(23,'Malgrat de Mar'),(24,'Blanes'),(25,'Tordera'),(26,'Maanet Massanes'),(27,'Barcelona La Sagrera-Meridiana'),(28,'Barcelona St.Andreu Arenal'),(29,'Barcelona Torre del Bar'),(30,'Montcada Bifurcaci'),(31,'Montcada Ripollet'),(32,'Sta.Perptua de Mogoda'),(33,'Mollet Sta.Rosa'),(34,'Parets del Valls'),(35,'Granollers - Canovelles'),(36,'Les Franqueses del Valls'),(37,'La Garriga'),(38,'Figar'),(39,'St.Mart de Centelles'),(40,'Centelles'),(41,'Baleny - Els Hostalets'),(42,'Baleny - Tona - Seva'),(43,'Vic'),(44,'Manlleu'),(45,'Torell'),(46,'St.Quirze de Besora'),(47,'Ripoll'),(48,'Campdevnol'),(49,'Ribes de Freser'),(50,'Planoles'),(51,'Toses'),(52,'La Molina'),(53,'Urtx - Alp'),(54,'Puigcerd'),(55,'La Tor de Querol'),(56,'Borgony'),(57,'La Farga de Bebi'),(58,'St.Vicen de Calders'),(59,'El Vendrell'),(60,'L\'Arbo'),(61,'Els Monjos'),(62,'Vilafranca del Peneds'),(63,'St.Sadurn d\'Anoia'),(64,'Gelida'),(65,'Martorell'),(66,'Castellbisbal'),(67,'El Papiol'),(68,'Molins de Rei'),(69,'St.Feliu de Llobregat'),(70,'St.Joan Desp'),(71,'Cornell'),(72,'L\'Hospitalet de Llobregat'),(73,'Montcada i Reixac-Manresa'),(74,'Montcada i Reixac-Sta.Maria'),(75,'Cerdanyola del Valls'),(76,'Barber del Valls'),(77,'Sabadell Sud'),(78,'Sabadell Centre'),(79,'Sabadell Nord'),(80,'Terrassa Est'),(81,'Terrassa'),(82,'St.Miquel de Gonteres'),(83,'Viladecavalls'),(84,'Vacarisses-Torreblanca'),(85,'Vacarisses'),(86,'Castellbell i el Vilar'),(87,'Monistrol de Montserrat'),(88,'St.Vicen de Castellet'),(89,'Manresa');
/*!40000 ALTER TABLE `stations` ENABLE KEYS */;
UNLOCK TABLES;

--
-- Table structure for table `users`
--

DROP TABLE IF EXISTS `users`;
/*!40101 SET @saved_cs_client     = @@character_set_client */;
/*!50503 SET character_set_client = utf8mb4 */;
CREATE TABLE `users` (
  `id` int NOT NULL AUTO_INCREMENT,
  `name` varchar(255) NOT NULL,
  `password` varchar(255) NOT NULL,
  `email` varchar(255) NOT NULL,
  PRIMARY KEY (`id`)
) ENGINE=InnoDB DEFAULT CHARSET=utf8mb4;
/*!40101 SET character_set_client = @saved_cs_client */;

--
-- Dumping data for table `users`
--

LOCK TABLES `users` WRITE;
/*!40000 ALTER TABLE `users` DISABLE KEYS */;
/*!40000 ALTER TABLE `users` ENABLE KEYS */;
UNLOCK TABLES;
/*!40103 SET TIME_ZONE=@OLD_TIME_ZONE */;

/*!40101 SET SQL_MODE=@OLD_SQL_MODE */;
/*!40014 SET FOREIGN_KEY_CHECKS=@OLD_FOREIGN_KEY_CHECKS */;
/*!40014 SET UNIQUE_CHECKS=@OLD_UNIQUE_CHECKS */;
/*!40101 SET CHARACTER_SET_CLIENT=@OLD_CHARACTER_SET_CLIENT */;
/*!40101 SET CHARACTER_SET_RESULTS=@OLD_CHARACTER_SET_RESULTS */;
/*!40101 SET COLLATION_CONNECTION=@OLD_COLLATION_CONNECTION */;
/*!40111 SET SQL_NOTES=@OLD_SQL_NOTES */;

-- Dump completed on 2023-03-10  8:35:16
